customer_id,tenure,monthly_charges,total_charges,contract_type,payment_method,churn
ID_000000,99,7355.73,9681.21,24,2,0
ID_000001,50,9751.35,8090.54,89,46,0
ID_000002,27,5289.75,6575.5,51,42,0
ID_000003,86,5512.49,3771.95,98,48,0
ID_000004,24,7920.24,2867.04,74,71,0
ID_000005,48,5787.64,3669.11,60,10,0
ID_000006,77,4867.84,2222.32,53,8,0
ID_000007,35,7005.76,2611.28,49,91,0
ID_000008,32,243.73,7619.82,43,100,0
ID_000009,30,8971.04,8665.36,13,96,0
ID_000010,24,7961.19,9720.77,30,36,0
ID_000011,86,3815.13,6781.94,52,11,1
ID_000012,98,4504.47,6479.99,77,44,0
ID_000013,74,2440.13,4339.41,87,41,0
ID_000014,98,2632.91,2415.92,21,58,0
ID_000015,78,2192.15,8173.06,86,65,0
ID_000016,4,7778.77,4098.75,4,46,0
ID_000017,82,5315.4,7749.1,68,43,0
ID_000018,77,6844.32,1271.67,97,32,1
ID_000019,21,6291.12,8259.79,29,77,1
ID_000020,4,1381.02,2922.2,75,79,1
ID_000021,92,8817.32,8728.55,90,24,1
ID_000022,33,2363.37,7737.29,81,33,1
ID_000023,56,2131.37,7169.97,5,26,1
ID_000024,79,9290.38,7701.95,39,53,1
ID_000025,57,1865.78,9213.14,34,92,1
ID_000026,91,5716.81,2994.81,42,98,1
ID_000027,88,7283.18,8702.26,89,62,0
ID_000028,38,5955.93,7050.2,63,65,0
ID_000029,14,8089.6,3919.42,66,83,1
ID_000030,4,3521.92,3519.18,70,93,0
ID_000031,91,188.35,7351.68,93,36,0
ID_000032,85,6521.5,5950.04,20,64,1
ID_000033,7,4109.59,3297.32,17,32,0
ID_000034,31,657.83,4349.6,99,66,0
ID_000035,36,4477.93,3770.06,64,19,1
ID_000036,29,4949.36,3143.44,13,18,0
ID_000037,38,7339.15,7185.01,74,46,0
ID_000038,30,9095.95,951.77,4,56,0
ID_000039,76,3975.98,1105.86,41,13,1
ID_000040,55,6394.25,1030.62,44,32,1
ID_000041,7,9611.57,8221.37,4,81,0
ID_000042,47,7205.44,8648.28,82,87,1
ID_000043,81,2286.85,7102.22,18,2,1
ID_000044,73,1718.0,1799.26,10,3,0
ID_000045,70,6274.65,4517.81,76,4,0
ID_000046,16,3532.56,7342.38,78,46,1
ID_000047,21,8802.96,4774.64,91,23,1
ID_000048,82,4833.54,1784.35,56,72,0
ID_000049,25,776.69,287.78,42,59,0
ID_000050,73,3585.66,6982.62,58,11,1
ID_000051,12,4206.6,5527.17,97,1,0
ID_000052,58,5362.11,6077.16,12,46,0
ID_000053,88,449.69,9412.84,51,74,1
ID_000054,38,3619.73,6454.76,24,1,0
ID_000055,16,8536.0,2926.05,2,20,1
ID_000056,33,392.01,6084.91,36,49,1
ID_000057,24,465.66,6919.49,44,57,1
ID_000058,24,2409.63,6535.74,32,30,0
ID_000059,56,2432.85,4428.28,33,62,0
ID_000060,32,5713.68,3207.58,36,100,1
ID_000061,19,4935.71,8892.38,92,50,0
ID_000062,20,2763.04,1100.85,49,27,1
ID_000063,15,5150.65,7210.5,34,31,0
ID_000064,85,9927.53,2311.3,54,88,0
ID_000065,42,8079.0,1477.23,42,14,1
ID_000066,74,176.11,8219.38,75,61,0
ID_000067,52,1333.43,937.45,42,58,1
ID_000068,69,9200.51,6775.79,32,85,1
ID_000069,37,3346.98,4028.42,58,50,1
ID_000070,6,2593.84,7597.58,28,32,0
ID_000071,6,1656.51,6824.79,38,11,1
ID_000072,82,2955.75,1618.11,90,33,0
ID_000073,69,511.43,8108.01,81,53,0
ID_000074,25,9805.88,4662.65,46,71,0
ID_000075,85,7367.56,2048.87,9,3,0
ID_000076,7,3748.93,7750.62,24,56,0
ID_000077,33,9937.05,2461.96,54,3,1
ID_000078,20,1460.23,987.63,83,24,1
ID_000079,24,2312.34,6461.73,52,68,0
ID_000080,74,7734.03,348.74,75,32,1
ID_000081,51,1516.37,4355.18,79,24,1
ID_000082,55,6219.19,8300.3,43,97,1
ID_000083,80,1347.08,1532.23,6,48,0
ID_000084,31,1849.0,8003.46,43,72,0
ID_000085,100,2629.23,923.8,33,91,0
ID_000086,8,7101.76,6083.69,18,52,1
ID_000087,72,5682.06,1486.15,2,65,1
ID_000088,66,1639.25,2997.83,77,13,0
ID_000089,97,5901.32,8877.24,11,97,1
ID_000090,19,8261.37,1234.71,54,100,1
ID_000091,58,3872.67,6353.01,14,100,1
ID_000092,81,484.88,2062.53,14,55,1
ID_000093,84,2147.4,8811.55,76,100,1
ID_000094,37,2756.93,1179.53,69,58,1
ID_000095,76,8464.11,696.22,47,75,0
ID_000096,80,8654.84,3648.48,39,99,0
ID_000097,61,526.37,1681.51,29,81,0
ID_000098,92,6366.15,7012.99,74,58,1
ID_000099,29,8560.06,4632.84,33,92,0
ID_000100,7,7177.48,5764.04,10,15,1
ID_000101,89,4986.41,5471.13,36,7,0
ID_000102,39,6479.09,5194.65,94,2,1
ID_000103,34,2527.92,5852.46,35,69,0
ID_000104,45,5018.77,8320.96,91,58,0
ID_000105,54,2450.62,5278.84,49,14,1
ID_000106,93,992.83,8210.89,92,54,0
ID_000107,32,3599.79,983.04,24,1,0
ID_000108,4,9026.31,4056.23,99,63,0
ID_000109,57,7261.74,2773.6,27,63,1
ID_000110,95,8028.75,9941.27,41,78,0
ID_000111,86,5042.41,3485.41,1,43,1
ID_000112,27,1945.96,8565.65,40,53,1
ID_000113,68,4169.86,7094.21,14,40,0
ID_000114,16,1083.67,4458.31,62,57,0
ID_000115,57,7445.64,7697.43,71,91,0
ID_000116,30,7137.61,3135.8,83,78,1
ID_000117,78,3888.82,5971.23,72,42,1
ID_000118,50,3094.09,5231.33,14,47,0
ID_000119,57,4573.01,2375.02,73,81,0
ID_000120,33,7927.44,8833.65,92,31,0
ID_000121,73,3294.49,5116.82,61,21,0
ID_000122,31,1135.3,118.55,97,62,0
ID_000123,29,2229.17,436.26,6,70,0
ID_000124,32,8917.74,6328.62,48,21,1
ID_000125,82,6072.93,5789.04,79,80,0
ID_000126,27,6862.65,6039.22,44,62,1
ID_000127,6,7428.61,9529.49,95,31,1
ID_000128,14,9314.88,3091.9,9,35,0
ID_000129,3,9009.72,6947.84,15,29,0
ID_000130,43,6147.79,8093.33,97,51,0
ID_000131,93,7668.38,5530.58,39,40,0
ID_000132,63,4379.75,1982.11,48,6,1
ID_000133,72,5136.18,5538.37,69,3,1
ID_000134,86,9514.64,5490.12,1,23,0
ID_000135,43,6462.43,114.86,48,76,1
ID_000136,85,5139.55,3630.81,13,6,0
ID_000137,52,9907.42,1135.44,15,15,0
ID_000138,86,3354.71,9507.52,77,61,1
ID_000139,86,2992.82,5706.94,15,92,1
ID_000140,82,5793.34,5953.54,96,40,1
ID_000141,34,5240.25,9181.23,86,76,0
ID_000142,29,2585.06,272.0,49,61,1
ID_000143,47,2947.95,7012.02,78,37,1
ID_000144,75,2016.12,6857.89,39,65,0
ID_000145,26,5440.94,2386.28,60,92,0
ID_000146,65,263.32,3491.37,21,12,0
ID_000147,19,9917.69,646.92,64,54,0
ID_000148,96,6927.72,1595.38,70,24,1
ID_000149,53,6555.45,2471.33,75,78,1
ID_000150,49,2643.63,2988.51,75,67,0
ID_000151,93,6578.54,8357.56,83,8,1
ID_000152,57,5943.06,3747.04,18,37,1
ID_000153,12,3388.43,1269.01,74,18,1
ID_000154,28,1557.27,3569.9,33,76,0
ID_000155,22,941.77,5810.59,92,19,0
ID_000156,56,100.81,6435.04,55,2,1
ID_000157,4,5357.72,9538.2,84,51,0
ID_000158,93,7857.93,3995.4,28,98,0
ID_000159,3,5905.93,6344.24,5,55,1
ID_000160,18,7123.14,3824.56,95,33,0
ID_000161,2,8600.2,5114.19,69,97,1
ID_000162,73,4840.2,2371.12,1,64,0
ID_000163,46,4882.52,8589.34,97,70,1
ID_000164,11,5092.65,2820.27,94,33,1
ID_000165,48,8223.0,5089.62,64,56,0
ID_000166,100,2329.04,7587.2,79,63,0
ID_000167,93,2049.17,2432.84,51,77,1
ID_000168,41,7944.79,2091.09,36,25,1
ID_000169,37,6075.14,9454.02,65,37,0
ID_000170,83,2688.88,4468.27,79,53,1
ID_000171,35,7792.72,6126.65,56,55,1
ID_000172,99,5569.35,1495.76,69,21,1
ID_000173,92,8286.19,8190.38,26,100,1
ID_000174,34,5427.21,6606.72,77,2,0
ID_000175,38,7894.04,4959.46,16,8,1
ID_000176,2,3396.94,1248.63,43,37,0
ID_000177,68,9123.66,4104.5,19,87,1
ID_000178,67,7370.34,1736.82,73,73,1
ID_000179,21,4292.15,1299.5,68,7,0
ID_000180,95,8696.75,3286.69,31,43,1
ID_000181,85,4013.32,276.41,66,6,1
ID_000182,50,2182.92,3496.74,100,49,0
ID_000183,43,8957.63,5352.8,60,83,0
ID_000184,92,7067.82,1754.54,36,53,1
ID_000185,22,6692.61,9052.25,11,59,0
ID_000186,25,6106.38,1930.85,80,22,1
ID_000187,63,4264.29,313.84,86,56,1
ID_000188,40,9448.01,1973.09,73,26,0
ID_000189,99,7612.8,1935.64,68,33,0
ID_000190,61,8686.71,4100.51,3,78,1
ID_000191,62,4176.24,2417.91,26,8,1
ID_000192,58,1811.61,8928.97,91,80,1
ID_000193,54,2129.61,9860.29,57,2,0
ID_000194,36,197.78,6057.78,94,40,1
ID_000195,13,449.6,8523.39,11,75,0
ID_000196,33,1489.13,3110.61,68,94,0
ID_000197,12,2129.99,8706.25,59,38,1
ID_000198,54,5793.17,6567.37,81,83,1
ID_000199,86,905.58,5204.43,87,23,0
ID_000200,90,8625.22,1084.68,76,24,1
ID_000201,43,6168.2,9496.67,21,47,0
ID_000202,58,5546.88,6219.36,44,59,0
ID_000203,32,8035.3,5160.01,81,61,0
ID_000204,94,3649.21,5456.04,57,55,1
ID_000205,20,5164.09,7832.42,55,29,1
ID_000206,95,880.83,6857.96,5,71,1
ID_000207,32,2730.15,2794.5,73,50,1
ID_000208,21,8669.85,6948.15,32,34,0
ID_000209,79,5524.36,2290.55,19,45,0
ID_000210,21,8800.12,7810.78,60,68,1
ID_000211,17,2834.42,7485.34,4,52,0
ID_000212,8,5267.95,7353.58,61,72,0
ID_000213,90,8923.32,8373.61,34,65,1
ID_000214,41,2093.04,6431.03,19,99,1
ID_000215,98,2780.29,4735.8,87,81,1
ID_000216,27,9344.08,4444.91,73,14,0
ID_000217,15,7499.12,122.08,67,29,1
ID_000218,56,1900.6,2189.93,37,22,0
ID_000219,42,4747.19,1624.36,26,38,1
ID_000220,63,3374.03,5078.67,46,44,1
ID_000221,89,6648.72,9573.49,55,30,1
ID_000222,45,5117.86,1568.7,82,47,1
ID_000223,48,7216.33,7361.51,56,58,1
ID_000224,93,7498.68,5539.65,15,100,0
ID_000225,24,4874.19,4317.37,79,57,0
ID_000226,41,9474.44,2099.45,37,57,0
ID_000227,96,7597.39,1528.31,42,24,0
ID_000228,4,5386.42,1669.77,67,15,1
ID_000229,25,4313.04,5764.09,62,18,1
ID_000230,97,2647.49,1848.76,6,2,0
ID_000231,54,9747.54,7859.82,13,56,0
ID_000232,29,1427.18,9818.46,42,2,1
ID_000233,99,9924.64,6777.83,46,47,1
ID_000234,46,9575.17,8888.01,77,81,0
ID_000235,55,6872.11,8124.79,96,45,1
ID_000236,20,145.9,8846.89,62,27,0
ID_000237,44,8690.34,4666.72,63,31,1
ID_000238,88,3674.23,1674.85,89,8,0
ID_000239,98,1216.01,5686.97,30,11,1
ID_000240,80,1683.85,6134.04,7,13,0
ID_000241,36,6352.44,161.35,15,46,0
ID_000242,44,6053.42,6118.93,53,56,0
ID_000243,68,9870.74,2441.92,92,75,0
ID_000244,65,8055.57,2363.01,58,6,1
ID_000245,30,2581.04,5241.29,2,46,0
ID_000246,54,9884.22,2011.69,42,51,0
ID_000247,71,8697.24,2814.02,17,49,1
ID_000248,86,8958.46,8895.84,64,91,1
ID_000249,20,4258.81,1938.81,42,3,0
ID_000250,11,1865.83,643.04,6,8,0
ID_000251,2,2255.77,2148.02,9,25,0
ID_000252,68,6658.68,8866.69,50,98,0
ID_000253,20,3826.07,5892.2,64,59,1
ID_000254,1,2166.93,7201.78,27,30,0
ID_000255,55,1478.39,1088.67,25,71,0
ID_000256,84,3501.35,2425.15,4,28,0
ID_000257,76,4658.69,241.51,4,15,1
ID_000258,62,4732.99,8925.74,96,58,1
ID_000259,57,850.69,9228.56,78,75,0
ID_000260,13,2116.67,1280.76,65,25,0
ID_000261,45,1364.28,3404.15,65,14,0
ID_000262,40,9714.45,9830.62,69,9,0
ID_000263,72,7947.88,2882.08,99,7,1
ID_000264,4,3030.31,9158.25,16,1,1
ID_000265,46,9229.29,2430.06,99,45,1
ID_000266,74,9476.05,3371.36,88,16,1
ID_000267,68,8567.11,9759.11,12,50,1
ID_000268,70,7398.88,6815.37,16,76,1
ID_000269,7,3160.33,6134.84,38,87,0
ID_000270,44,124.3,317.33,9,71,0
ID_000271,5,1132.16,3752.98,80,95,1
ID_000272,59,6719.54,4627.5,18,31,0
ID_000273,1,8186.87,6143.89,11,61,0
ID_000274,49,508.22,990.6,72,11,1
ID_000275,21,9037.78,5874.67,26,87,0
ID_000276,6,2739.06,1076.84,29,26,0
ID_000277,26,6010.68,1500.1,89,99,1
ID_000278,92,8475.91,175.8,4,68,1
ID_000279,70,6474.62,928.43,62,12,1
ID_000280,74,6155.52,8490.6,89,64,0
ID_000281,59,5600.43,9080.77,94,23,1
ID_000282,82,2233.08,184.35,1,55,1
ID_000283,31,6860.33,8789.92,25,39,1
ID_000284,85,8103.87,9643.4,47,25,0
ID_000285,88,7397.48,5143.99,63,63,1
ID_000286,95,4305.91,2450.72,61,59,0
ID_000287,59,8585.44,4605.18,37,93,1
ID_000288,97,3851.96,774.03,8,66,0
ID_000289,14,9438.65,7907.36,36,37,0
ID_000290,30,5363.47,5218.36,42,69,1
ID_000291,100,4825.69,7959.15,65,59,1
ID_000292,21,4261.2,9963.27,65,8,1
ID_000293,92,9041.66,5181.17,66,24,0
ID_000294,99,5614.49,8407.74,87,32,0
ID_000295,65,5475.41,9638.54,21,62,1
ID_000296,67,6874.76,8354.99,8,64,1
ID_000297,1,2668.31,1055.04,45,42,1
ID_000298,86,468.33,8774.82,22,91,0
ID_000299,31,2808.23,5823.24,11,22,1
ID_000300,11,4317.04,3520.38,92,38,1
ID_000301,66,5598.54,3471.75,57,57,1
ID_000302,96,6043.22,2626.18,7,19,1
ID_000303,71,5439.74,8358.24,21,51,1
ID_000304,54,1739.46,2288.82,10,72,0
ID_000305,62,9523.38,6439.08,52,82,1
ID_000306,65,3376.77,2120.98,1,76,0
ID_000307,63,2251.45,2031.56,85,8,1
ID_000308,49,6363.85,8551.43,75,34,0
ID_000309,1,9778.03,3374.83,100,78,1
ID_000310,38,1099.08,7334.48,57,89,0
ID_000311,33,7627.74,2068.9,61,80,1
ID_000312,68,545.02,7321.42,4,17,1
ID_000313,43,4050.14,2194.68,83,73,0
ID_000314,49,429.81,3802.38,94,17,1
ID_000315,59,9154.53,8393.08,11,23,0
ID_000316,17,2368.47,7197.49,98,29,0
ID_000317,86,3203.87,574.68,84,35,1
ID_000318,73,124.57,7787.35,65,100,1
ID_000319,5,4000.87,6129.8,26,71,0
ID_000320,61,3326.94,6959.64,77,17,0
ID_000321,26,6401.72,7379.63,43,12,0
ID_000322,54,2321.66,806.38,10,66,1
ID_000323,7,2176.06,5962.84,63,98,0
ID_000324,72,9774.28,2749.89,76,83,1
ID_000325,81,7019.57,4886.8,86,60,0
ID_000326,38,4046.38,1845.29,35,10,1
ID_000327,55,5051.4,6293.74,57,99,1
ID_000328,5,8122.59,3499.07,40,26,1
ID_000329,18,8730.63,7820.58,75,76,1
ID_000330,26,2254.82,8873.11,32,73,0
ID_000331,15,6133.07,1120.42,45,68,0
ID_000332,44,4005.37,3951.51,32,34,1
ID_000333,73,5101.67,1410.95,43,67,1
ID_000334,9,5396.99,9342.41,64,60,1
ID_000335,42,234.78,1963.52,11,67,0
ID_000336,25,562.24,476.11,49,55,0
ID_000337,82,3995.48,6793.34,72,31,0
ID_000338,17,8507.93,4224.94,80,35,0
ID_000339,3,4455.69,9641.34,13,71,0
ID_000340,72,1211.17,6749.43,8,11,0
ID_000341,91,4351.89,2584.42,39,13,1
ID_000342,80,9402.33,4354.18,17,9,1
ID_000343,92,6922.96,4109.96,5,70,1
ID_000344,84,8332.98,6435.34,12,42,0
ID_000345,52,5402.89,1084.7,17,25,1
ID_000346,42,2452.65,2064.19,35,8,1
ID_000347,6,3392.63,6641.57,77,25,0
ID_000348,46,5190.51,5005.66,49,42,1
ID_000349,35,2495.93,2989.77,95,3,1
ID_000350,50,6186.04,8470.63,78,99,0
ID_000351,54,8328.61,9488.48,54,76,1
ID_000352,14,5026.05,6934.31,63,30,1
ID_000353,71,4699.37,3270.7,97,32,1
ID_000354,31,970.29,515.73,36,31,0
ID_000355,44,9602.99,4097.59,86,5,0
ID_000356,71,2143.48,8527.7,2,39,1
ID_000357,7,6417.7,9893.83,100,58,1
ID_000358,93,3656.81,8579.79,66,76,1
ID_000359,57,2200.7,9213.98,35,75,1
ID_000360,30,6824.46,8001.11,60,57,1
ID_000361,34,676.78,6817.04,42,74,0
ID_000362,98,9083.9,4137.18,48,86,0
ID_000363,21,9992.47,8514.32,84,69,0
ID_000364,14,6899.5,2078.44,64,66,0
ID_000365,70,1070.19,9863.03,85,70,0
ID_000366,8,8844.58,3213.94,13,27,0
ID_000367,37,413.85,7141.08,19,25,1
ID_000368,13,7110.92,2184.95,26,48,1
ID_000369,78,1360.61,7824.8,98,13,0
ID_000370,21,9328.1,1097.8,55,5,1
ID_000371,97,6782.61,5805.29,56,25,1
ID_000372,57,9372.88,3164.4,78,97,1
ID_000373,21,8473.72,2989.41,30,43,0
ID_000374,1,8655.91,232.09,3,63,0
ID_000375,86,8655.42,1744.05,49,82,0
ID_000376,28,1912.37,8121.15,86,58,1
ID_000377,52,5522.79,7327.97,30,67,0
ID_000378,89,7597.05,1725.88,50,27,0
ID_000379,6,7639.7,6405.27,66,89,1
ID_000380,50,3966.16,1500.37,30,84,1
ID_000381,22,1585.44,1123.27,5,24,0
ID_000382,93,5178.15,4339.7,21,45,0
ID_000383,34,6426.32,5871.95,96,51,1
ID_000384,93,2834.38,8702.05,37,12,0
ID_000385,65,6218.23,8166.32,58,86,1
ID_000386,5,3330.56,9355.43,88,23,1
ID_000387,71,4756.0,5626.06,57,14,0
ID_000388,94,4189.03,3624.3,36,1,1
ID_000389,80,3440.72,4247.01,91,63,0
ID_000390,70,1608.68,8006.94,23,92,0
ID_000391,82,8615.01,7688.31,93,6,0
ID_000392,33,9828.45,11.42,10,49,1
ID_000393,69,8959.57,455.25,32,46,0
ID_000394,2,1419.15,1876.37,42,30,1
ID_000395,88,9947.4,4276.57,37,79,0
ID_000396,2,4564.64,9863.8,58,77,0
ID_000397,44,297.82,6621.49,99,51,1
ID_000398,6,8811.68,9273.17,87,9,1
ID_000399,65,5473.33,3242.6,66,100,0
ID_000400,37,4451.08,2059.92,2,52,1
ID_000401,56,1708.99,7160.75,23,70,1
ID_000402,92,3877.44,5671.54,35,42,0
ID_000403,59,804.03,3498.1,8,56,0
ID_000404,64,3243.04,4452.03,32,4,0
ID_000405,70,6211.4,2699.77,81,49,1
ID_000406,20,8907.16,7396.39,77,39,0
ID_000407,40,849.49,589.16,40,69,1
ID_000408,87,4417.33,7349.97,27,26,0
ID_000409,83,241.77,7439.5,12,32,0
ID_000410,72,9646.06,1243.53,20,27,0
ID_000411,54,220.94,8556.39,47,75,1
ID_000412,2,6143.21,4041.83,29,24,1
ID_000413,51,340.8,1790.17,58,43,0
ID_000414,70,1816.37,9609.65,52,14,1
ID_000415,61,3697.9,1188.88,36,62,1
ID_000416,84,6140.95,9288.42,90,18,1
ID_000417,98,4062.81,7044.04,86,88,1
ID_000418,56,5451.38,4133.34,61,79,1
ID_000419,59,7770.76,6136.61,93,6,1
ID_000420,75,8700.92,9150.58,89,88,0
ID_000421,35,6407.75,4764.03,92,74,0
ID_000422,30,1674.77,4470.34,97,44,0
ID_000423,55,7264.87,5496.83,51,41,1
ID_000424,82,7231.85,3086.56,90,72,1
ID_000425,91,6083.58,9030.81,13,6,0
ID_000426,9,6478.81,9606.67,22,54,0
ID_000427,59,6705.62,3823.23,26,77,1
ID_000428,58,3984.62,6780.88,71,53,1
ID_000429,48,4466.49,5389.08,65,83,1
ID_000430,76,3032.12,4212.35,89,37,1
ID_000431,96,5707.78,8371.99,99,65,1
ID_000432,69,8760.4,5246.33,67,48,1
ID_000433,89,5369.76,4865.45,28,97,1
ID_000434,33,1719.04,5579.32,75,34,0
ID_000435,99,3240.86,7642.92,93,36,1
ID_000436,86,7210.2,2240.26,11,100,0
ID_000437,32,4549.92,3916.26,52,27,1
ID_000438,73,8022.76,8966.12,50,53,1
ID_000439,56,5609.73,1727.21,26,45,0
ID_000440,73,390.62,2229.2,67,11,0
ID_000441,85,3964.66,2585.65,92,98,0
ID_000442,95,7711.96,2516.77,45,66,1
ID_000443,84,1160.36,1859.0,62,14,0
ID_000444,26,2171.32,9459.45,32,13,1
ID_000445,7,7473.6,7035.76,24,59,1
ID_000446,74,6709.46,5891.02,15,65,1
ID_000447,22,6577.62,1653.49,15,21,0
ID_000448,26,9746.91,4859.57,17,73,0
ID_000449,51,6439.17,9071.44,67,30,0
ID_000450,97,5093.25,8751.52,35,79,0
ID_000451,82,518.21,7499.98,64,37,1
ID_000452,91,2217.73,4633.69,84,92,0
ID_000453,11,2865.47,4022.04,76,57,0
ID_000454,10,5515.68,9842.5,67,82,0
ID_000455,73,4219.59,9135.91,34,23,0
ID_000456,15,6029.52,5374.86,67,33,1
ID_000457,18,985.44,1223.99,58,39,0
ID_000458,63,5414.11,5670.97,72,32,1
ID_000459,29,1402.05,6823.79,66,88,0
ID_000460,57,9298.89,6720.92,81,99,1
ID_000461,21,6584.64,7146.24,38,63,1
ID_000462,20,4092.3,9015.07,15,4,1
ID_000463,69,3113.75,2130.73,6,3,0
ID_000464,69,5815.52,9308.88,28,1,0
ID_000465,19,102.43,8352.44,49,29,0
ID_000466,26,2883.86,9724.17,39,52,0
ID_000467,65,6564.19,5346.49,99,92,0
ID_000468,37,7831.14,7215.17,21,3,1
ID_000469,88,164.67,6789.77,75,95,1
ID_000470,30,1843.78,9604.54,94,49,1
ID_000471,55,344.37,5506.43,12,40,0
ID_000472,31,8472.76,1568.84,96,46,0
ID_000473,28,826.34,8235.9,11,84,0
ID_000474,59,7662.22,7631.11,22,63,1
ID_000475,12,7850.78,454.09,3,9,1
ID_000476,92,178.4,3936.22,20,24,1
ID_000477,81,1283.94,4974.13,15,20,0
ID_000478,19,6129.8,2591.79,40,56,0
ID_000479,68,6485.34,4592.39,75,11,1
ID_000480,33,5607.69,8662.73,91,78,0
ID_000481,36,993.02,1505.9,84,67,1
ID_000482,79,8101.62,7828.18,26,44,1
ID_000483,97,2138.53,9547.86,75,92,1
ID_000484,42,8670.15,5049.0,99,71,0
ID_000485,28,4626.13,150.64,23,66,1
ID_000486,35,6416.21,8488.71,25,52,1
ID_000487,53,9723.83,50.2,12,81,1
ID_000488,49,498.63,8358.73,74,56,0
ID_000489,2,6083.14,3968.7,27,28,0
ID_000490,66,2237.19,4952.05,94,62,1
ID_000491,85,8037.53,5253.35,43,95,0
ID_000492,40,9093.38,851.81,80,30,0
ID_000493,12,1310.04,1288.49,42,75,1
ID_000494,29,5209.52,1968.84,47,1,1
ID_000495,73,1283.26,7065.12,12,50,0
ID_000496,64,6476.24,8252.6,12,18,0
ID_000497,89,7237.83,3506.54,53,73,0
ID_000498,78,6170.84,8866.7,55,49,0
ID_000499,74,6870.27,6248.53,55,80,0
ID_000500,73,1627.14,9650.4,87,87,0
ID_000501,61,6884.35,2089.74,25,13,0
ID_000502,32,9093.7,5759.73,30,7,0
ID_000503,77,7528.93,7318.57,59,11,0
ID_000504,6,5200.08,493.68,61,71,0
ID_000505,12,9000.99,3202.26,70,33,0
ID_000506,84,1403.16,7017.63,8,47,0
ID_000507,1,9367.94,5208.93,85,92,1
ID_000508,19,6745.5,304.58,83,43,0
ID_000509,89,1732.04,1844.77,11,11,1
ID_000510,75,1510.22,6236.39,92,58,0
ID_000511,10,2787.97,2075.62,93,63,1
ID_000512,76,7534.55,8994.53,58,25,1
ID_000513,47,2727.17,5181.91,64,84,0
ID_000514,67,3745.22,7333.17,36,14,1
ID_000515,79,9014.47,6123.41,32,23,0
ID_000516,86,5351.38,2982.1,81,16,1
ID_000517,100,4017.16,9662.94,38,86,0
ID_000518,88,9633.99,5581.08,91,81,1
ID_000519,52,7547.32,2269.88,53,82,0
ID_000520,35,7871.94,6687.97,51,44,1
ID_000521,13,898.54,5999.2,4,33,1
ID_000522,24,8723.25,1609.46,33,26,0
ID_000523,70,5682.3,7991.67,30,35,1
ID_000524,31,6732.2,1526.46,10,2,0
ID_000525,18,9462.62,7329.03,63,98,0
ID_000526,45,6374.05,6747.45,77,26,0
ID_000527,51,2774.45,6560.59,31,75,1
ID_000528,91,2183.96,497.04,10,80,1
ID_000529,86,8955.4,3753.02,59,61,1
ID_000530,92,9495.83,5772.54,84,26,1
ID_000531,78,807.08,1038.7,78,46,0
ID_000532,50,4485.52,8872.35,84,17,1
ID_000533,52,1424.47,7305.24,47,11,0
ID_000534,61,971.95,7195.92,7,62,1
ID_000535,74,7307.52,3043.03,89,12,0
ID_000536,25,9464.99,8439.6,9,59,0
ID_000537,100,4841.65,3291.94,1,55,1
ID_000538,59,9251.26,6594.22,5,18,1
ID_000539,17,2409.2,6550.53,52,82,0
ID_000540,64,1224.44,2505.97,12,74,0
ID_000541,43,7238.17,801.88,91,41,0
ID_000542,79,3531.5,4556.59,27,88,0
ID_000543,17,2025.67,1480.39,1,7,0
ID_000544,66,7616.82,4019.67,14,28,1
ID_000545,85,1794.94,5646.51,35,42,0
ID_000546,60,8072.7,6053.32,79,71,0
ID_000547,29,2496.23,2343.95,49,44,1
ID_000548,19,7209.67,2237.96,12,11,1
ID_000549,96,692.07,3700.07,32,88,1
ID_000550,99,1840.38,8896.26,19,100,1
ID_000551,91,3848.89,8810.21,73,93,1
ID_000552,51,6741.3,5801.81,12,68,1
ID_000553,9,8243.48,1143.92,6,94,1
ID_000554,13,7172.74,8128.13,58,62,1
ID_000555,24,1425.55,5995.61,85,24,0
ID_000556,72,5974.62,640.81,63,55,1
ID_000557,35,8912.04,9664.65,71,37,1
ID_000558,1,4278.47,724.83,70,88,0
ID_000559,41,5858.29,7296.75,84,30,1
ID_000560,30,2912.47,9451.11,48,37,1
ID_000561,21,6720.82,4498.02,33,75,1
ID_000562,51,5145.8,2076.34,20,64,1
ID_000563,12,9915.38,9771.91,71,15,0
ID_000564,79,1481.29,9672.74,50,62,1
ID_000565,24,6870.01,6377.85,28,1,1
ID_000566,28,1408.41,3127.51,58,11,1
ID_000567,100,7363.61,3199.46,94,72,1
ID_000568,31,8611.61,9405.72,78,43,0
ID_000569,19,9038.53,7703.9,66,74,0
ID_000570,10,8713.96,2948.51,48,85,0
ID_000571,78,8448.23,6602.94,74,46,0
ID_000572,49,8196.76,8864.64,16,47,0
ID_000573,32,4325.95,6214.15,53,76,1
ID_000574,3,7516.25,8094.03,5,96,1
ID_000575,49,5995.03,7670.34,66,30,0
ID_000576,19,8761.74,1985.05,49,21,0
ID_000577,77,7405.5,1822.82,16,65,0
ID_000578,19,2806.52,5212.17,60,17,1
ID_000579,93,3771.03,703.01,96,18,0
ID_000580,67,6810.53,7738.15,40,44,0
ID_000581,89,4875.4,2677.06,47,75,1
ID_000582,38,7787.81,1470.33,53,51,0
ID_000583,77,6271.39,6215.99,68,9,0
ID_000584,79,7103.32,1460.84,69,88,1
ID_000585,10,6936.25,9597.69,70,46,1
ID_000586,9,9643.31,6128.92,43,71,1
ID_000587,72,2145.65,2874.22,80,25,1
ID_000588,36,6679.47,4413.1,11,87,1
ID_000589,65,1297.34,9638.47,76,91,1
ID_000590,10,8748.81,2972.62,12,68,1
ID_000591,16,8738.81,1566.9,94,42,0
ID_000592,33,2928.71,9876.81,99,70,1
ID_000593,46,2656.98,9369.92,60,11,1
ID_000594,44,7864.13,9077.56,10,3,0
ID_000595,23,2253.78,4033.81,65,38,0
ID_000596,80,6737.49,384.4,75,92,0
ID_000597,96,27.15,9110.18,38,36,1
ID_000598,20,9153.38,2834.98,33,70,1
ID_000599,31,3552.84,6415.62,84,62,1
ID_000600,21,6915.68,3975.31,8,80,0
ID_000601,70,3858.26,645.14,57,35,0
ID_000602,97,1423.63,6887.9,7,5,1
ID_000603,5,8538.18,663.18,100,83,0
ID_000604,86,8342.28,5750.96,17,12,1
ID_000605,69,5285.84,5063.57,42,66,1
ID_000606,65,5002.67,3036.89,19,99,1
ID_000607,32,8541.15,2037.4,89,91,1
ID_000608,40,9212.95,688.76,24,91,1
ID_000609,28,5316.37,2917.94,14,66,1
ID_000610,57,3693.31,3211.41,30,42,0
ID_000611,48,8722.33,4270.43,71,8,1
ID_000612,69,2652.48,4594.82,87,86,0
ID_000613,35,5928.85,5403.15,93,82,0
ID_000614,50,9923.99,2769.77,82,20,1
ID_000615,23,5290.37,5917.41,38,52,1
ID_000616,39,5847.67,9929.7,54,12,0
ID_000617,64,5475.35,7128.71,34,49,1
ID_000618,85,5596.01,7012.25,73,43,1
ID_000619,98,317.25,7063.49,71,93,0
ID_000620,79,3523.67,9921.79,35,42,0
ID_000621,86,9021.83,6947.36,95,35,1
ID_000622,81,4177.19,1370.11,21,9,0
ID_000623,76,2112.83,3530.06,84,25,0
ID_000624,66,5729.65,381.75,11,73,1
ID_000625,63,9793.73,8407.88,59,46,0
ID_000626,26,112.15,3923.49,34,46,1
ID_000627,91,5263.66,9365.72,7,7,0
ID_000628,9,7054.38,8861.0,65,86,0
ID_000629,88,4925.27,5351.06,89,77,0
ID_000630,92,8082.73,9118.9,29,8,1
ID_000631,56,2735.3,417.01,17,26,1
ID_000632,66,982.03,17.36,10,3,1
ID_000633,95,5772.0,3159.17,46,49,0
ID_000634,67,5999.8,9848.44,16,34,0
ID_000635,85,3939.39,4884.28,51,90,0
ID_000636,13,9236.66,8928.3,33,48,1
ID_000637,98,6542.73,7239.18,11,18,1
ID_000638,25,6189.48,6840.61,18,60,0
ID_000639,97,9454.47,553.68,5,84,1
ID_000640,37,7386.94,6140.96,70,74,1
ID_000641,27,5781.94,2300.18,82,55,0
ID_000642,68,749.74,2322.55,100,89,0
ID_000643,76,9055.67,7855.38,1,32,0
ID_000644,92,8191.77,4433.79,70,20,1
ID_000645,60,3275.26,344.0,16,48,0
ID_000646,12,5771.65,4750.09,78,54,1
ID_000647,63,3632.62,7983.8,52,62,0
ID_000648,94,5043.61,6576.31,64,49,0
ID_000649,76,7553.01,2303.97,28,41,1
ID_000650,72,5515.59,2470.06,22,31,0
ID_000651,49,3094.86,4202.86,38,54,1
ID_000652,57,6895.61,8888.59,6,67,0
ID_000653,19,6845.69,8075.12,25,61,0
ID_000654,9,226.86,8711.53,71,27,1
ID_000655,71,9848.03,6660.25,100,92,1
ID_000656,71,6613.45,4134.72,12,56,1
ID_000657,8,3263.49,1131.14,58,5,1
ID_000658,4,4433.11,3974.07,7,3,0
ID_000659,90,8356.07,3843.18,35,94,0
ID_000660,11,6839.34,4272.32,37,45,0
ID_000661,8,6657.1,5930.56,65,49,0
ID_000662,98,1503.54,8356.14,37,64,1
ID_000663,27,7337.15,462.2,43,86,0
ID_000664,93,835.86,4742.23,54,85,1
ID_000665,75,6392.6,1398.69,4,29,0
ID_000666,93,1372.53,4550.33,26,70,1
ID_000667,29,9178.7,5939.75,66,48,0
ID_000668,41,3525.9,9670.09,97,86,0
ID_000669,55,966.28,7365.69,30,84,0
ID_000670,76,377.72,4907.53,52,80,1
ID_000671,50,7464.02,7434.48,88,51,1
ID_000672,41,1301.29,7501.22,92,99,1
ID_000673,100,6694.94,4640.99,74,72,1
ID_000674,77,6518.47,3582.27,91,52,1
ID_000675,61,8321.74,9600.23,93,56,0
ID_000676,69,6911.72,5225.42,51,45,0
ID_000677,22,4491.33,9468.13,95,14,0
ID_000678,18,9909.27,2150.99,55,50,0
ID_000679,90,4378.55,5890.3,45,2,0
ID_000680,61,4999.46,3120.97,44,58,0
ID_000681,84,7755.17,1443.62,4,49,1
ID_000682,86,6551.34,5296.97,65,8,1
ID_000683,57,5958.28,5211.13,48,31,0
ID_000684,15,8902.76,1346.34,24,3,0
ID_000685,44,411.01,8108.68,40,55,1
ID_000686,80,9976.31,7077.02,80,15,1
ID_000687,46,7850.34,589.18,93,23,0
ID_000688,23,4713.24,9169.68,20,7,0
ID_000689,43,2897.49,5069.88,45,81,0
ID_000690,42,6814.21,7805.35,70,68,1
ID_000691,40,6550.77,9930.32,62,61,0
ID_000692,17,7675.06,3817.44,69,66,1
ID_000693,16,6516.8,7782.9,65,26,1
ID_000694,3,3908.76,850.24,26,63,0
ID_000695,24,5005.7,4017.9,6,73,0
ID_000696,54,2449.35,7491.44,61,81,1
ID_000697,57,8678.81,8781.14,91,29,0
ID_000698,23,8978.26,6739.41,23,99,1
ID_000699,67,9920.03,4421.49,38,83,0
ID_000700,37,9259.72,1463.58,87,63,0
ID_000701,47,5640.42,7627.49,100,12,1
ID_000702,7,9033.47,6182.4,87,76,1
ID_000703,79,5779.23,1880.6,6,54,1
ID_000704,75,7756.89,6689.28,48,2,0
ID_000705,99,923.1,1716.34,21,3,0
ID_000706,95,5699.74,5132.69,62,20,1
ID_000707,92,8942.08,914.9,38,99,1
ID_000708,36,2113.29,469.4,16,82,0
ID_000709,63,5592.46,5041.16,48,39,1
ID_000710,28,3178.95,7319.35,29,74,1
ID_000711,85,8255.8,8294.96,39,72,1
ID_000712,74,9420.54,7169.71,54,69,0
ID_000713,65,6859.87,3611.05,77,6,0
ID_000714,95,8853.07,798.97,21,30,1
ID_000715,89,909.25,2402.71,43,68,1
ID_000716,13,8627.89,3507.51,70,17,0
ID_000717,49,6945.08,9639.66,13,87,1
ID_000718,82,3846.04,9647.24,73,89,0
ID_000719,63,4140.24,1786.53,53,9,1
ID_000720,48,8082.03,385.7,46,67,0
ID_000721,7,2349.54,3953.16,91,94,1
ID_000722,49,7235.44,147.69,79,80,0
ID_000723,61,1711.58,7666.11,58,58,1
ID_000724,96,2373.37,968.35,82,62,1
ID_000725,83,8429.26,2472.89,100,69,1
ID_000726,48,5706.39,207.97,19,12,0
ID_000727,74,477.9,7273.0,69,19,0
ID_000728,9,3382.86,4131.26,82,41,1
ID_000729,84,7390.72,8035.17,16,11,1
ID_000730,83,9547.43,2572.72,62,83,1
ID_000731,28,3318.28,6287.62,44,13,1
ID_000732,1,381.13,7901.92,46,3,1
ID_000733,21,6353.46,7829.58,87,97,0
ID_000734,39,7445.05,1974.7,93,89,0
ID_000735,94,1407.67,5628.67,49,47,0
ID_000736,2,5741.21,84.13,39,98,1
ID_000737,5,2239.78,3455.06,9,99,1
ID_000738,94,8262.61,5504.62,8,93,0
ID_000739,4,3403.62,6338.33,75,33,0
ID_000740,21,7405.71,7772.39,82,28,1
ID_000741,75,269.82,1887.31,98,53,0
ID_000742,47,1416.43,4252.78,75,27,0
ID_000743,23,2643.76,2317.2,44,17,1
ID_000744,75,5603.32,8079.62,6,36,0
ID_000745,88,3139.42,9019.32,35,49,1
ID_000746,20,1244.65,4653.17,52,14,1
ID_000747,32,1221.68,7436.73,83,78,0
ID_000748,100,6960.06,8401.53,74,71,0
ID_000749,37,5207.13,3860.18,92,68,1
ID_000750,41,3041.24,7864.5,8,61,1
ID_000751,81,9337.56,7322.65,89,27,1
ID_000752,8,8350.41,553.08,8,53,0
ID_000753,32,7089.4,8291.7,61,99,1
ID_000754,37,526.09,1662.49,54,13,0
ID_000755,42,161.39,1056.93,76,13,0
ID_000756,48,3939.4,8031.93,74,30,0
ID_000757,47,4620.34,4859.72,64,29,0
ID_000758,91,9204.07,7159.02,53,46,0
ID_000759,73,9898.91,3333.02,17,89,1
ID_000760,52,2113.94,609.76,71,79,1
ID_000761,53,8541.05,9016.19,55,85,0
ID_000762,72,5244.38,677.6,70,27,1
ID_000763,61,3043.48,9961.01,100,15,0
ID_000764,75,8807.92,3428.16,6,62,0
ID_000765,44,3287.63,1457.56,57,20,0
ID_000766,65,4738.27,3830.23,92,33,1
ID_000767,20,9674.55,9242.35,15,22,0
ID_000768,97,3409.63,151.16,77,50,0
ID_000769,23,7414.25,2836.91,53,100,1
ID_000770,57,6482.13,6061.47,14,35,0
ID_000771,56,7362.52,2689.45,98,3,0
ID_000772,59,3514.42,2248.63,16,24,1
ID_000773,55,6904.39,7826.7,27,5,1
ID_000774,92,1310.68,3102.41,17,100,0
ID_000775,80,2025.9,6906.09,61,10,1
ID_000776,57,1947.63,4187.34,56,33,1
ID_000777,74,62.36,9573.45,88,52,1
ID_000778,83,1006.42,7403.84,75,11,0
ID_000779,25,7545.79,6272.43,95,5,1
ID_000780,2,6492.1,8542.52,49,9,1
ID_000781,55,9589.88,2099.63,70,56,0
ID_000782,15,3314.73,1704.89,45,17,1
ID_000783,80,4253.16,4899.24,13,30,1
ID_000784,33,4335.15,1295.72,73,62,1
ID_000785,87,1556.62,130.17,44,34,0
ID_000786,97,1103.58,308.12,82,14,0
ID_000787,14,4900.16,6698.32,77,5,1
ID_000788,98,6129.13,1393.05,100,27,0
ID_000789,87,3352.4,5762.79,34,54,1
ID_000790,40,8027.76,4975.6,91,28,1
ID_000791,23,9256.69,2290.1,44,54,1
ID_000792,26,531.73,5977.22,3,13,1
ID_000793,75,2988.89,2875.23,37,69,0
ID_000794,71,6548.14,5657.23,28,8,0
ID_000795,12,3845.32,3592.84,56,9,0
ID_000796,78,3959.65,3965.08,43,20,0
ID_000797,13,4310.41,1343.1,51,31,0
ID_000798,84,6283.61,5488.03,47,75,1
ID_000799,86,6712.14,1749.26,54,38,1
ID_000800,89,4581.52,9363.48,55,59,0
ID_000801,92,4380.12,5028.82,97,60,1
ID_000802,85,477.49,1478.01,89,41,1
ID_000803,7,6341.09,3139.99,75,59,1
ID_000804,99,8947.85,6821.6,25,93,1
ID_000805,19,4562.39,7307.19,50,79,0
ID_000806,25,4410.05,2677.65,45,38,0
ID_000807,85,4317.04,8926.62,21,48,1
ID_000808,16,282.79,5321.44,27,21,1
ID_000809,29,9781.76,4805.19,31,48,1
ID_000810,50,7112.22,9293.66,18,60,1
ID_000811,81,4255.61,9897.15,83,7,0
ID_000812,99,6625.39,5306.11,17,20,1
ID_000813,64,3392.46,1545.93,45,87,1
ID_000814,4,5065.29,5084.39,47,22,1
ID_000815,66,2121.81,6701.35,63,99,1
ID_000816,52,6038.21,4226.83,7,69,0
ID_000817,78,9095.76,5265.84,92,33,0
ID_000818,8,5506.67,5855.27,28,79,0
ID_000819,8,3498.12,2217.04,60,99,0
ID_000820,51,918.55,269.24,78,58,0
ID_000821,93,8375.78,3691.33,25,10,1
ID_000822,65,6358.52,8454.53,13,72,1
ID_000823,31,3488.21,1993.28,41,9,1
ID_000824,78,1017.94,2465.85,28,78,0
ID_000825,61,8223.56,4947.95,8,89,1
ID_000826,14,2148.57,3009.56,83,59,0
ID_000827,86,8762.58,8973.69,86,39,0
ID_000828,84,7735.89,8494.86,89,2,0
ID_000829,11,950.97,8847.59,79,14,1
ID_000830,35,2766.98,2003.71,8,26,1
ID_000831,3,5352.76,8593.02,91,18,1
ID_000832,97,1923.62,1313.91,7,51,1
ID_000833,28,6911.32,5352.38,2,51,1
ID_000834,81,7797.9,7328.9,37,32,1
ID_000835,79,1847.72,1114.55,43,12,1
ID_000836,10,7582.54,5731.49,29,14,1
ID_000837,80,932.47,5224.89,98,50,0
ID_000838,56,52.22,756.77,30,38,0
ID_000839,10,8299.69,604.69,94,88,0
ID_000840,59,8141.62,4573.14,95,24,0
ID_000841,84,1258.18,2054.98,13,75,1
ID_000842,71,6363.49,1337.37,44,82,1
ID_000843,42,7458.5,7832.77,48,63,1
ID_000844,96,5535.93,2823.51,98,94,1
ID_000845,9,1621.88,9734.74,43,40,1
ID_000846,98,7273.22,840.75,66,83,0
ID_000847,48,1713.46,5041.62,90,30,1
ID_000848,98,6456.71,2032.44,17,91,0
ID_000849,84,1669.45,9501.66,82,13,0
ID_000850,4,6753.04,3393.34,29,14,1
ID_000851,72,453.29,5438.21,19,89,0
ID_000852,92,6160.52,4762.32,64,72,0
ID_000853,80,4195.45,703.22,21,91,1
ID_000854,7,5959.38,5417.76,64,43,0
ID_000855,41,5152.54,5934.39,71,32,1
ID_000856,85,1487.5,5089.75,45,62,0
ID_000857,54,2932.36,1890.81,31,72,1
ID_000858,60,1798.21,4515.65,11,14,1
ID_000859,17,9622.74,8100.91,49,47,0
ID_000860,48,4806.09,1410.43,56,78,1
ID_000861,26,3321.73,6877.25,30,8,0
ID_000862,7,5136.64,7747.09,97,5,0
ID_000863,57,9262.56,9666.49,35,28,1
ID_000864,61,3161.18,4690.87,100,92,1
ID_000865,40,9641.81,8501.88,49,57,0
ID_000866,22,6310.43,5805.2,98,19,1
ID_000867,87,3787.01,2587.64,52,47,1
ID_000868,79,1900.27,4602.96,50,36,1
ID_000869,6,2525.08,2741.77,20,39,0
ID_000870,82,699.93,2693.43,14,60,0
ID_000871,32,5342.09,5551.68,15,95,1
ID_000872,79,7345.3,6447.66,81,18,0
ID_000873,9,3874.28,5991.56,56,76,0
ID_000874,96,8667.24,1842.68,98,47,0
ID_000875,57,9233.35,9410.98,75,51,0
ID_000876,25,7729.04,9502.63,99,18,1
ID_000877,31,2685.4,1186.53,29,16,1
ID_000878,41,9306.67,9652.76,96,36,0
ID_000879,77,8082.15,5459.15,59,63,0
ID_000880,98,5296.2,6066.65,94,12,0
ID_000881,3,1801.3,6131.22,45,35,0
ID_000882,25,727.38,7535.93,77,90,0
ID_000883,96,6543.54,5995.18,8,48,1
ID_000884,91,7916.48,6950.49,59,41,1
ID_000885,29,4107.31,8967.78,26,51,1
ID_000886,44,543.22,3954.41,70,25,0
ID_000887,90,5238.2,2752.75,87,72,0
ID_000888,83,551.56,2351.87,71,26,0
ID_000889,36,4405.73,6387.19,87,52,1
ID_000890,80,6760.67,1968.49,75,37,0
ID_000891,65,2456.34,32.36,30,75,0
ID_000892,86,8981.57,948.98,25,42,1
ID_000893,37,4500.02,3067.33,41,16,1
ID_000894,26,8023.52,78.3,31,53,0
ID_000895,54,225.5,4908.7,37,18,1
ID_000896,98,497.45,9052.11,78,61,0
ID_000897,52,2899.85,5341.0,60,50,1
ID_000898,44,9829.91,4220.03,83,50,0
ID_000899,46,8646.1,8837.12,84,12,1
ID_000900,93,8156.09,7802.26,30,26,1
ID_000901,89,5318.31,5935.05,37,10,0
ID_000902,73,1366.91,2111.19,22,17,1
ID_000903,87,8715.88,8491.31,15,92,0
ID_000904,31,4677.62,2624.47,51,41,0
ID_000905,19,9266.82,2444.73,35,16,0
ID_000906,90,9317.4,9608.83,84,89,0
ID_000907,60,8267.57,577.18,100,32,1
ID_000908,31,951.93,8346.32,12,43,1
ID_000909,47,573.6,4379.7,13,78,1
ID_000910,69,8246.0,8247.68,45,89,1
ID_000911,46,1330.59,990.72,30,30,1
ID_000912,54,1919.39,5680.74,6,25,1
ID_000913,24,1869.46,6172.64,44,87,1
ID_000914,85,2945.79,6552.16,56,41,1
ID_000915,87,139.01,974.02,48,53,1
ID_000916,21,579.81,4628.61,62,16,0
ID_000917,33,3868.67,987.07,27,89,0
ID_000918,9,8195.52,8976.91,86,70,1
ID_000919,64,8928.88,9529.35,75,88,1
ID_000920,34,8656.92,5744.81,1,45,0
ID_000921,49,7071.43,2811.28,45,67,0
ID_000922,86,4619.54,1361.16,87,53,1
ID_000923,39,3065.64,2730.6,3,46,1
ID_000924,61,8539.51,8316.62,36,9,1
ID_000925,46,3007.44,9576.77,68,52,0
ID_000926,72,9590.94,6130.46,89,67,1
ID_000927,6,5426.93,613.05,99,38,0
ID_000928,100,6408.4,1426.42,58,79,0
ID_000929,37,8740.0,9122.93,19,76,0
ID_000930,69,4279.31,945.68,16,43,0
ID_000931,22,9229.94,6320.12,71,20,0
ID_000932,45,9665.78,1609.98,74,16,1
ID_000933,15,9776.32,2401.75,96,35,1
ID_000934,19,7216.19,8846.83,18,87,1
ID_000935,85,1135.68,7416.02,42,52,1
ID_000936,70,9918.38,6224.17,36,99,0
ID_000937,48,6711.45,6470.74,9,27,0
ID_000938,37,6759.96,3140.08,27,58,0
ID_000939,29,6082.1,5322.07,87,52,1
ID_000940,69,2210.0,2697.85,31,74,0
ID_000941,27,3534.71,4070.21,13,97,1
ID_000942,69,2686.98,8674.61,26,100,1
ID_000943,87,1133.94,9085.73,84,57,0
ID_000944,73,8388.63,8286.08,34,84,1
ID_000945,96,4676.1,9066.19,20,29,0
ID_000946,10,5744.63,1282.52,21,74,1
ID_000947,36,479.1,2689.51,10,80,1
ID_000948,8,1087.52,8516.13,25,84,1
ID_000949,75,7706.95,786.34,49,15,1
ID_000950,4,5210.27,2889.14,35,84,0
ID_000951,100,2848.39,354.76,68,10,0
ID_000952,53,2932.53,922.26,73,98,0
ID_000953,53,5869.95,6842.96,32,41,0
ID_000954,85,5191.52,3313.94,50,21,1
ID_000955,18,7307.97,9136.64,50,32,0
ID_000956,67,5597.47,3518.81,90,11,1
ID_000957,81,9985.97,7076.27,53,32,0
ID_000958,85,3913.98,3893.18,72,32,0
ID_000959,25,6032.7,7789.53,24,36,0
ID_000960,39,2937.94,1019.26,49,91,1
ID_000961,55,621.04,1731.42,13,56,1
ID_000962,32,1329.09,4986.24,53,1,0
ID_000963,53,5632.09,7919.26,54,50,0
ID_000964,46,4502.47,6237.73,12,43,1
ID_000965,59,46.25,6371.69,75,58,0
ID_000966,85,4433.91,7161.81,77,84,0
ID_000967,61,6191.14,5342.8,44,30,1
ID_000968,15,7551.89,6546.38,69,74,0
ID_000969,73,3260.73,1887.94,53,28,0
ID_000970,18,3340.57,40.88,12,66,1
ID_000971,45,5837.51,7263.51,63,27,0
ID_000972,50,8351.39,8239.63,95,87,1
ID_000973,18,1482.54,625.44,56,34,1
ID_000974,45,5284.05,4609.67,34,68,1
ID_000975,26,9597.31,4037.19,75,61,1
ID_000976,28,3441.91,5072.54,48,99,0
ID_000977,63,3156.55,1041.68,26,85,1
ID_000978,16,6229.63,4427.71,54,40,0
ID_000979,25,6772.56,9113.17,11,39,1
ID_000980,66,3520.36,3972.09,80,15,1
ID_000981,32,9791.31,3046.39,65,43,1
ID_000982,68,8688.2,8642.23,20,99,0
ID_000983,32,8859.78,967.51,83,99,1
ID_000984,68,9857.65,4794.66,38,1,1
ID_000985,60,6810.79,8336.79,72,92,1
ID_000986,9,3073.78,6204.99,65,26,1
ID_000987,56,9728.3,1721.36,32,51,0
ID_000988,71,7788.59,8505.15,87,58,0
ID_000989,100,6668.01,1069.78,91,31,0
ID_000990,38,9281.23,6611.95,74,11,0
ID_000991,21,5073.55,3859.95,13,60,1
ID_000992,26,1308.45,684.29,2,15,0
ID_000993,30,6092.72,9664.24,64,14,1
ID_000994,49,5084.71,7905.11,3,77,0
ID_000995,6,4412.42,6984.79,9,92,1
ID_000996,66,8757.15,4572.33,42,68,0
ID_000997,25,8069.98,4207.84,21,37,0
ID_000998,10,2195.74,4775.05,8,74,0
ID_000999,33,7637.77,7079.96,71,14,0
