transaction_id,amount,merchant,timestamp,is_fraud
ID_000000,2830.7,37,90,0
ID_000001,6419.0,97,93,1
ID_000002,1818.46,39,8,0
ID_000003,8490.39,25,7,0
ID_000004,9712.83,82,72,1
ID_000005,7854.79,27,7,0
ID_000006,3442.79,64,1,0
ID_000007,1239.65,69,37,1
ID_000008,9783.43,58,43,1
ID_000009,2705.48,46,76,0
ID_000010,1633.8,45,89,1
ID_000011,1495.94,89,44,0
ID_000012,1610.61,79,12,0
ID_000013,4448.75,68,90,1
ID_000014,8185.6,91,54,1
ID_000015,3877.36,66,69,1
ID_000016,6270.32,6,15,1
ID_000017,3400.25,52,40,1
ID_000018,3960.79,2,65,1
ID_000019,462.17,80,72,1
ID_000020,6862.75,5,95,0
ID_000021,5906.39,33,10,0
ID_000022,915.01,69,55,1
ID_000023,3774.58,93,2,1
ID_000024,7473.43,48,94,1
ID_000025,7802.79,44,30,0
ID_000026,6380.95,39,16,0
ID_000027,8548.34,9,26,1
ID_000028,4721.1,53,16,1
ID_000029,5575.07,51,87,1
ID_000030,2756.86,72,83,1
ID_000031,6359.15,46,88,0
ID_000032,6834.02,80,26,0
ID_000033,2740.6,51,93,0
ID_000034,5635.14,93,35,0
ID_000035,9903.24,35,43,0
ID_000036,1427.7,90,54,1
ID_000037,3148.93,1,29,0
ID_000038,9638.63,52,100,0
ID_000039,2165.8,10,86,1
ID_000040,7212.58,90,84,1
ID_000041,9198.92,34,45,1
ID_000042,6682.92,25,82,1
ID_000043,9769.74,32,100,1
ID_000044,3639.69,29,30,1
ID_000045,3169.47,22,86,1
ID_000046,7601.53,90,37,1
ID_000047,9982.17,76,64,1
ID_000048,3897.78,18,13,0
ID_000049,9852.74,2,30,0
ID_000050,8315.23,19,60,1
ID_000051,8651.58,5,14,0
ID_000052,6114.97,66,73,1
ID_000053,8491.79,40,85,0
ID_000054,7924.53,56,47,1
ID_000055,9098.95,50,12,1
ID_000056,3355.72,96,79,0
ID_000057,1048.14,56,30,1
ID_000058,9517.62,39,20,1
ID_000059,2450.01,26,84,1
ID_000060,2312.14,21,77,1
ID_000061,6957.15,6,5,0
ID_000062,12.43,84,64,0
ID_000063,7268.12,80,10,1
ID_000064,7443.07,27,94,0
ID_000065,7103.65,78,34,1
ID_000066,3615.95,23,12,0
ID_000067,5488.02,100,15,0
ID_000068,8814.7,14,84,1
ID_000069,1498.32,98,15,0
ID_000070,7447.61,21,91,0
ID_000071,6861.11,25,5,1
ID_000072,4528.42,44,46,0
ID_000073,7958.27,7,17,0
ID_000074,8295.39,98,75,1
ID_000075,3300.94,92,2,1
ID_000076,6752.94,80,41,0
ID_000077,19.82,81,60,1
ID_000078,9886.71,11,40,1
ID_000079,7558.59,17,48,0
ID_000080,4764.19,27,92,0
ID_000081,4150.77,10,9,0
ID_000082,4178.25,34,89,0
ID_000083,3993.19,19,88,0
ID_000084,2197.96,7,97,0
ID_000085,894.02,48,99,1
ID_000086,2785.94,77,73,1
ID_000087,7839.32,12,43,0
ID_000088,7850.15,22,82,1
ID_000089,6805.49,93,49,1
ID_000090,7625.0,74,97,1
ID_000091,3367.58,98,84,1
ID_000092,3970.03,22,14,1
ID_000093,9692.29,81,17,1
ID_000094,9271.58,69,31,1
ID_000095,5326.28,58,1,0
ID_000096,1974.67,95,43,0
ID_000097,2907.84,66,67,1
ID_000098,9900.08,36,30,1
ID_000099,9968.58,37,31,1
ID_000100,8605.22,66,98,0
ID_000101,2286.88,94,68,1
ID_000102,893.64,31,18,1
ID_000103,511.88,62,83,1
ID_000104,4168.16,14,39,1
ID_000105,1434.2,24,96,0
ID_000106,6921.64,86,55,0
ID_000107,4938.4,85,94,0
ID_000108,2120.16,89,97,1
ID_000109,1835.75,8,73,1
ID_000110,5529.33,22,23,1
ID_000111,4074.44,6,77,0
ID_000112,1030.7,91,44,1
ID_000113,3521.25,36,44,1
ID_000114,8508.78,20,30,0
ID_000115,5963.43,98,10,0
ID_000116,4667.32,45,23,1
ID_000117,8865.85,2,100,1
ID_000118,7090.37,10,36,0
ID_000119,8012.46,98,48,1
ID_000120,4595.08,56,74,0
ID_000121,3122.26,2,28,0
ID_000122,802.65,22,21,1
ID_000123,8703.68,92,40,0
ID_000124,8218.53,28,66,1
ID_000125,3891.43,42,68,0
ID_000126,6438.5,42,97,0
ID_000127,5896.66,40,48,1
ID_000128,5993.87,54,49,0
ID_000129,2398.28,4,13,1
ID_000130,3042.76,97,55,0
ID_000131,3862.96,39,42,1
ID_000132,1917.17,75,57,0
ID_000133,2520.92,93,73,0
ID_000134,3689.33,66,50,1
ID_000135,1662.79,74,93,0
ID_000136,3910.25,62,91,0
ID_000137,9958.65,3,36,1
ID_000138,7606.57,69,75,1
ID_000139,632.4,36,68,0
ID_000140,2614.04,98,8,0
ID_000141,6597.07,70,63,1
ID_000142,7808.01,21,91,0
ID_000143,7754.12,58,32,1
ID_000144,420.65,6,93,1
ID_000145,1384.22,81,54,1
ID_000146,3828.3,43,48,0
ID_000147,1546.49,82,46,0
ID_000148,1193.71,30,12,0
ID_000149,5531.63,39,43,1
ID_000150,6303.85,35,41,1
ID_000151,2245.54,88,27,0
ID_000152,5192.25,92,84,1
ID_000153,1599.8,20,18,0
ID_000154,689.0,51,47,0
ID_000155,2783.83,45,9,1
ID_000156,3524.55,89,58,0
ID_000157,3248.27,18,38,0
ID_000158,8673.9,97,86,1
ID_000159,8786.49,32,30,0
ID_000160,810.76,72,74,1
ID_000161,3462.53,69,45,0
ID_000162,2789.38,20,25,1
ID_000163,3395.42,60,57,1
ID_000164,579.25,80,30,1
ID_000165,3953.55,77,71,0
ID_000166,383.79,83,37,1
ID_000167,3320.79,49,87,0
ID_000168,4019.69,19,61,0
ID_000169,3821.16,48,58,0
ID_000170,5765.84,47,94,1
ID_000171,8624.03,28,95,0
ID_000172,3694.38,99,18,0
ID_000173,8965.7,35,65,1
ID_000174,6519.37,7,35,0
ID_000175,812.65,18,78,0
ID_000176,7544.79,70,82,1
ID_000177,2797.12,43,74,1
ID_000178,6448.96,58,86,1
ID_000179,3532.35,26,95,0
ID_000180,3109.44,16,5,1
ID_000181,4211.27,56,11,0
ID_000182,1148.5,79,55,0
ID_000183,7140.42,7,47,1
ID_000184,1667.13,86,25,0
ID_000185,8236.42,54,45,1
ID_000186,7785.11,90,34,0
ID_000187,2412.89,79,79,1
ID_000188,8784.38,66,23,0
ID_000189,1149.46,39,40,0
ID_000190,8869.41,2,97,1
ID_000191,2224.71,85,44,0
ID_000192,5540.86,24,31,1
ID_000193,4874.98,53,33,1
ID_000194,1451.3,15,76,0
ID_000195,7875.02,35,22,0
ID_000196,2240.65,98,42,0
ID_000197,5080.67,47,81,0
ID_000198,6177.16,42,43,0
ID_000199,3101.14,39,15,1
ID_000200,3817.56,19,85,0
ID_000201,6467.84,97,67,0
ID_000202,5547.67,56,6,0
ID_000203,4949.57,69,47,0
ID_000204,5085.06,17,2,1
ID_000205,7291.4,75,21,0
ID_000206,5837.45,61,4,0
ID_000207,7614.36,43,15,1
ID_000208,9536.71,70,96,0
ID_000209,6175.58,96,79,0
ID_000210,2200.33,6,86,0
ID_000211,772.35,17,38,1
ID_000212,2224.09,14,75,0
ID_000213,3416.54,27,14,0
ID_000214,4793.02,1,80,1
ID_000215,2350.36,72,17,0
ID_000216,6044.75,84,59,0
ID_000217,5435.63,21,2,1
ID_000218,4606.82,38,15,0
ID_000219,7307.39,69,26,0
ID_000220,3708.41,35,28,0
ID_000221,5518.6,35,100,1
ID_000222,2963.02,23,6,1
ID_000223,8587.48,26,36,0
ID_000224,2322.52,6,90,0
ID_000225,994.15,98,41,0
ID_000226,8732.21,59,3,1
ID_000227,3669.09,59,98,0
ID_000228,7102.45,35,8,0
ID_000229,822.09,44,15,0
ID_000230,4304.29,88,24,0
ID_000231,9306.28,2,15,0
ID_000232,9396.92,63,40,1
ID_000233,3227.68,63,89,0
ID_000234,6013.81,95,65,0
ID_000235,284.4,71,41,1
ID_000236,9334.63,2,14,1
ID_000237,5849.16,91,76,0
ID_000238,8077.06,84,22,1
ID_000239,7460.59,74,31,0
ID_000240,4167.28,37,2,0
ID_000241,8520.31,99,99,1
ID_000242,5463.03,35,83,0
ID_000243,5728.37,32,50,0
ID_000244,6310.0,29,78,0
ID_000245,3913.7,88,80,1
ID_000246,2800.04,72,72,1
ID_000247,1752.24,71,78,0
ID_000248,3426.0,5,82,1
ID_000249,502.41,97,27,0
ID_000250,4655.42,18,42,1
ID_000251,8407.23,74,79,1
ID_000252,1963.38,33,84,1
ID_000253,3266.43,24,65,1
ID_000254,4495.61,8,9,0
ID_000255,4332.34,49,3,0
ID_000256,1941.98,58,43,1
ID_000257,8915.67,25,93,0
ID_000258,1803.75,5,39,0
ID_000259,1825.27,72,67,1
ID_000260,3903.27,87,95,0
ID_000261,2962.41,60,69,1
ID_000262,9157.23,56,53,0
ID_000263,2448.7,60,18,0
ID_000264,9400.88,1,3,0
ID_000265,8776.52,71,4,1
ID_000266,6130.69,62,90,0
ID_000267,8387.94,70,49,0
ID_000268,7264.78,66,79,1
ID_000269,8663.17,20,48,1
ID_000270,6990.98,64,86,1
ID_000271,1115.26,68,22,0
ID_000272,4878.85,4,76,0
ID_000273,9405.98,68,23,1
ID_000274,4854.0,89,56,0
ID_000275,3065.6,71,95,0
ID_000276,9096.79,87,15,1
ID_000277,906.66,14,84,0
ID_000278,4738.27,3,38,0
ID_000279,6081.04,94,67,1
ID_000280,2300.23,44,82,0
ID_000281,6038.64,18,70,0
ID_000282,2653.21,81,73,0
ID_000283,8205.1,44,11,1
ID_000284,820.23,47,93,1
ID_000285,1933.61,27,16,1
ID_000286,2114.02,99,47,1
ID_000287,528.31,56,62,0
ID_000288,8521.87,98,55,1
ID_000289,9109.17,81,66,1
ID_000290,1307.35,24,66,0
ID_000291,1864.67,68,58,1
ID_000292,733.16,80,43,1
ID_000293,4180.97,28,37,0
ID_000294,1893.94,98,19,1
ID_000295,2717.61,72,42,0
ID_000296,5241.85,67,77,0
ID_000297,9984.66,76,8,1
ID_000298,4237.77,71,20,0
ID_000299,3074.41,20,66,1
ID_000300,8768.45,26,83,0
ID_000301,3232.69,36,36,1
ID_000302,984.59,5,37,0
ID_000303,2562.27,40,47,0
ID_000304,4950.94,69,46,1
ID_000305,9686.1,19,69,1
ID_000306,3659.51,9,12,1
ID_000307,7316.26,57,69,0
ID_000308,5545.74,65,87,1
ID_000309,8319.24,82,75,0
ID_000310,65.3,46,54,0
ID_000311,4027.03,29,25,0
ID_000312,2291.83,77,69,1
ID_000313,5420.67,8,92,1
ID_000314,5761.51,87,78,0
ID_000315,7998.05,1,35,1
ID_000316,5227.8,76,87,0
ID_000317,1250.05,61,92,0
ID_000318,9448.54,13,41,0
ID_000319,4029.75,1,86,1
ID_000320,5683.99,47,56,0
ID_000321,2812.01,69,48,0
ID_000322,5383.88,46,57,1
ID_000323,5263.09,32,4,0
ID_000324,8043.21,56,60,0
ID_000325,8840.3,64,16,0
ID_000326,4525.62,70,2,0
ID_000327,6450.39,86,80,1
ID_000328,2029.07,70,36,0
ID_000329,4581.9,8,29,0
ID_000330,1217.06,63,15,1
ID_000331,4123.64,32,40,1
ID_000332,3482.31,56,52,0
ID_000333,2642.33,16,39,0
ID_000334,3950.59,98,20,1
ID_000335,9408.81,63,40,0
ID_000336,5870.0,27,99,0
ID_000337,9081.56,25,32,1
ID_000338,7785.58,84,20,0
ID_000339,1112.55,24,29,1
ID_000340,7441.8,80,52,0
ID_000341,7175.64,59,76,0
ID_000342,4732.08,58,38,0
ID_000343,7092.36,38,29,0
ID_000344,3531.31,64,63,1
ID_000345,1539.63,27,29,0
ID_000346,3433.68,16,82,1
ID_000347,4164.59,5,98,0
ID_000348,5983.67,70,53,1
ID_000349,3476.74,27,16,0
ID_000350,926.39,80,28,0
ID_000351,7636.36,85,18,0
ID_000352,6042.95,39,10,0
ID_000353,3532.78,57,17,0
ID_000354,4194.97,11,72,1
ID_000355,5123.4,95,98,0
ID_000356,1748.27,52,84,0
ID_000357,7771.44,94,21,1
ID_000358,5725.0,9,43,0
ID_000359,8524.85,42,46,1
ID_000360,7367.57,77,34,0
ID_000361,7018.19,52,7,0
ID_000362,1990.49,54,34,1
ID_000363,5803.78,80,1,1
ID_000364,6288.81,12,84,1
ID_000365,1317.75,44,13,1
ID_000366,8854.68,82,78,1
ID_000367,5630.26,4,6,1
ID_000368,9922.83,54,30,0
ID_000369,3871.74,16,28,0
ID_000370,5366.14,46,59,0
ID_000371,5581.58,69,51,0
ID_000372,3033.34,76,51,1
ID_000373,7380.39,94,8,0
ID_000374,6520.79,74,79,1
ID_000375,2075.85,15,67,0
ID_000376,5946.75,79,85,0
ID_000377,4246.25,7,72,1
ID_000378,1315.31,94,24,0
ID_000379,2834.07,11,46,0
ID_000380,2455.66,54,9,1
ID_000381,3210.93,47,77,1
ID_000382,7202.62,21,25,1
ID_000383,121.96,26,42,0
ID_000384,4476.38,34,69,0
ID_000385,8648.86,88,15,0
ID_000386,7550.65,46,9,1
ID_000387,7618.72,50,12,0
ID_000388,4409.08,64,51,1
ID_000389,6466.23,8,62,0
ID_000390,6540.18,40,13,0
ID_000391,5800.89,78,80,0
ID_000392,4310.27,38,58,0
ID_000393,5882.45,39,53,1
ID_000394,3642.69,17,83,0
ID_000395,517.93,96,77,0
ID_000396,5412.97,88,77,1
ID_000397,1288.19,13,92,1
ID_000398,645.88,77,91,1
ID_000399,4815.68,50,62,0
ID_000400,312.53,96,10,1
ID_000401,7516.01,60,87,0
ID_000402,7008.26,9,24,0
ID_000403,6520.01,79,92,0
ID_000404,3376.72,87,44,1
ID_000405,8052.68,85,28,0
ID_000406,7567.53,29,36,1
ID_000407,4047.23,93,42,0
ID_000408,6397.15,75,10,1
ID_000409,844.97,89,34,1
ID_000410,2082.64,85,45,1
ID_000411,2552.32,53,88,0
ID_000412,2178.55,63,100,0
ID_000413,4618.43,94,34,1
ID_000414,7369.55,5,24,1
ID_000415,2258.61,18,6,1
ID_000416,4106.74,53,35,1
ID_000417,2577.58,70,6,1
ID_000418,2232.8,64,65,0
ID_000419,9928.01,61,64,1
ID_000420,7435.75,73,1,0
ID_000421,6098.84,11,9,0
ID_000422,2566.56,16,28,0
ID_000423,7619.84,73,73,1
ID_000424,267.43,31,27,0
ID_000425,9301.06,12,91,1
ID_000426,4099.7,35,71,0
ID_000427,6120.47,1,52,1
ID_000428,9714.9,72,24,1
ID_000429,2984.86,69,18,0
ID_000430,6375.54,3,91,1
ID_000431,5317.45,10,28,0
ID_000432,9909.55,33,70,0
ID_000433,6288.58,69,18,1
ID_000434,5174.32,82,48,0
ID_000435,1467.62,13,70,1
ID_000436,5760.23,10,69,0
ID_000437,1904.22,74,96,0
ID_000438,4106.02,16,19,1
ID_000439,2341.88,51,41,1
ID_000440,3891.35,38,84,1
ID_000441,4231.45,16,75,1
ID_000442,1710.92,15,10,1
ID_000443,363.15,84,8,0
ID_000444,360.35,21,64,1
ID_000445,8637.24,95,96,0
ID_000446,2276.46,65,21,1
ID_000447,293.86,51,61,1
ID_000448,9641.31,33,13,0
ID_000449,4940.27,97,27,0
ID_000450,8530.16,44,98,0
ID_000451,1975.83,15,15,1
ID_000452,955.11,82,26,1
ID_000453,1971.75,2,98,0
ID_000454,820.2,74,33,1
ID_000455,2920.7,52,37,0
ID_000456,8766.89,23,82,0
ID_000457,8024.66,57,15,1
ID_000458,4193.76,37,98,0
ID_000459,5495.26,29,45,0
ID_000460,4450.31,2,96,0
ID_000461,4668.95,80,32,1
ID_000462,971.79,91,60,1
ID_000463,8256.49,86,50,1
ID_000464,1367.29,55,31,1
ID_000465,755.29,65,63,1
ID_000466,6805.39,48,68,0
ID_000467,6652.63,10,47,1
ID_000468,2822.38,28,1,0
ID_000469,1276.68,78,35,1
ID_000470,7367.08,44,91,0
ID_000471,6917.2,50,43,0
ID_000472,9159.59,44,64,0
ID_000473,9492.44,75,48,0
ID_000474,7449.52,31,58,0
ID_000475,115.05,59,97,0
ID_000476,4195.25,44,98,1
ID_000477,216.77,12,20,0
ID_000478,3603.36,28,23,1
ID_000479,8601.23,90,98,0
ID_000480,4159.99,10,53,0
ID_000481,4508.98,17,32,0
ID_000482,397.22,71,55,0
ID_000483,2857.97,38,94,0
ID_000484,5713.57,100,6,1
ID_000485,3394.14,36,48,0
ID_000486,8103.47,4,19,1
ID_000487,7214.18,59,55,0
ID_000488,5004.83,2,27,0
ID_000489,5846.05,10,9,1
ID_000490,8658.8,84,83,1
ID_000491,4442.83,13,6,1
ID_000492,6159.51,44,36,1
ID_000493,5498.14,85,44,0
ID_000494,4666.02,78,2,1
ID_000495,3921.92,77,30,0
ID_000496,3134.97,93,51,0
ID_000497,7098.66,81,58,1
ID_000498,9297.71,49,18,0
ID_000499,2383.75,25,88,0
ID_000500,3819.3,13,76,0
ID_000501,2819.99,59,77,1
ID_000502,4653.4,69,34,0
ID_000503,9040.79,69,3,0
ID_000504,4080.01,94,12,1
ID_000505,3992.93,52,77,0
ID_000506,6747.47,57,20,1
ID_000507,4901.97,1,21,0
ID_000508,1520.47,15,96,0
ID_000509,2018.51,65,74,0
ID_000510,1254.14,87,80,1
ID_000511,9351.98,8,44,0
ID_000512,7689.7,29,30,0
ID_000513,632.02,81,22,1
ID_000514,7277.18,3,17,0
ID_000515,8133.64,100,15,0
ID_000516,371.95,83,36,1
ID_000517,1607.1,90,7,1
ID_000518,4310.09,89,12,0
ID_000519,6934.35,41,33,0
ID_000520,8383.15,77,84,0
ID_000521,4904.49,100,20,1
ID_000522,3826.58,57,62,0
ID_000523,8070.94,42,78,1
ID_000524,3337.41,91,29,0
ID_000525,9599.0,49,95,1
ID_000526,5300.94,30,67,1
ID_000527,5182.74,7,33,0
ID_000528,904.98,9,86,0
ID_000529,6297.51,92,25,1
ID_000530,4728.35,38,99,0
ID_000531,3507.76,10,27,1
ID_000532,2921.84,54,15,1
ID_000533,4716.27,94,60,0
ID_000534,7648.08,6,76,1
ID_000535,3491.58,84,9,0
ID_000536,1161.72,55,42,1
ID_000537,4802.21,40,13,0
ID_000538,2454.03,47,13,0
ID_000539,9380.56,93,81,0
ID_000540,2110.22,97,72,0
ID_000541,235.77,79,54,0
ID_000542,6857.97,4,30,0
ID_000543,5022.05,57,36,0
ID_000544,5198.61,73,33,1
ID_000545,8910.26,52,61,0
ID_000546,687.66,12,74,1
ID_000547,6978.66,64,85,0
ID_000548,9757.61,91,100,1
ID_000549,176.03,37,53,1
ID_000550,1912.26,33,65,1
ID_000551,2296.11,12,23,0
ID_000552,7026.04,81,1,0
ID_000553,7866.92,29,32,0
ID_000554,9282.18,18,77,0
ID_000555,1215.18,15,69,0
ID_000556,4837.95,51,52,0
ID_000557,3407.99,73,90,0
ID_000558,1273.14,72,7,1
ID_000559,4381.78,83,54,0
ID_000560,4389.01,22,30,0
ID_000561,9940.83,62,100,0
ID_000562,3056.96,90,7,1
ID_000563,4734.04,60,53,0
ID_000564,6121.74,47,74,0
ID_000565,3901.13,70,75,0
ID_000566,7389.19,76,18,0
ID_000567,5036.96,3,23,0
ID_000568,3329.58,23,67,1
ID_000569,263.8,85,47,0
ID_000570,7433.76,17,14,1
ID_000571,9992.03,32,16,0
ID_000572,8214.98,66,71,0
ID_000573,9956.46,72,40,1
ID_000574,5560.36,24,97,1
ID_000575,6906.98,83,68,1
ID_000576,2495.34,4,80,0
ID_000577,4202.9,82,31,0
ID_000578,6148.03,84,69,1
ID_000579,5725.41,76,31,1
ID_000580,8195.22,72,54,1
ID_000581,3721.66,71,24,1
ID_000582,7637.71,77,98,0
ID_000583,2366.13,93,94,0
ID_000584,7388.44,72,92,1
ID_000585,9820.59,33,55,0
ID_000586,677.41,56,41,1
ID_000587,2402.81,71,91,1
ID_000588,9713.52,77,79,0
ID_000589,6504.93,83,100,1
ID_000590,3330.74,2,41,0
ID_000591,1649.11,58,57,1
ID_000592,2969.53,79,59,1
ID_000593,107.81,63,15,1
ID_000594,8152.04,7,64,1
ID_000595,7700.5,42,83,1
ID_000596,4427.17,2,84,1
ID_000597,4240.75,73,8,0
ID_000598,6523.42,69,92,1
ID_000599,2454.62,84,87,1
ID_000600,6395.54,20,61,0
ID_000601,375.56,99,36,0
ID_000602,9066.69,50,23,1
ID_000603,7821.51,74,82,0
ID_000604,2513.2,37,9,0
ID_000605,2414.54,43,60,0
ID_000606,8977.07,66,46,0
ID_000607,1137.58,57,68,0
ID_000608,4212.3,2,5,0
ID_000609,2247.28,65,38,1
ID_000610,3136.09,95,34,1
ID_000611,2689.53,4,14,1
ID_000612,9312.85,38,40,1
ID_000613,9575.76,21,59,0
ID_000614,4379.63,27,84,0
ID_000615,9488.25,42,15,0
ID_000616,9818.05,75,3,1
ID_000617,3248.06,90,95,1
ID_000618,8329.7,85,59,0
ID_000619,2300.77,89,11,0
ID_000620,366.85,77,90,0
ID_000621,853.16,21,94,0
ID_000622,3296.87,77,18,1
ID_000623,2874.8,88,75,1
ID_000624,2132.7,41,89,1
ID_000625,7100.55,25,9,0
ID_000626,5734.89,77,68,1
ID_000627,6385.02,47,9,1
ID_000628,8459.51,93,95,1
ID_000629,7052.41,4,37,1
ID_000630,2930.95,63,42,1
ID_000631,8544.59,78,2,1
ID_000632,9914.72,54,86,1
ID_000633,1733.34,72,11,1
ID_000634,2234.38,24,50,0
ID_000635,3544.46,54,80,1
ID_000636,7869.44,24,23,0
ID_000637,246.9,98,47,0
ID_000638,345.34,71,25,0
ID_000639,2010.05,21,72,0
ID_000640,825.98,39,16,0
ID_000641,1859.4,1,38,1
ID_000642,4796.91,40,35,0
ID_000643,4212.46,82,89,0
ID_000644,9902.69,43,26,1
ID_000645,8536.32,19,70,0
ID_000646,7040.28,91,11,0
ID_000647,3787.9,52,27,0
ID_000648,8338.84,61,27,1
ID_000649,3206.2,47,36,1
ID_000650,8842.78,94,9,1
ID_000651,444.14,86,54,1
ID_000652,5775.77,54,24,0
ID_000653,2754.47,47,57,0
ID_000654,7932.12,50,71,1
ID_000655,4019.44,40,71,1
ID_000656,1163.98,85,24,1
ID_000657,6854.69,26,79,0
ID_000658,5276.84,99,97,0
ID_000659,736.28,13,96,0
ID_000660,3608.89,46,42,1
ID_000661,1801.01,92,25,1
ID_000662,1828.95,56,98,0
ID_000663,5489.42,66,40,1
ID_000664,6970.5,18,71,1
ID_000665,1180.63,32,97,1
ID_000666,846.48,21,1,1
ID_000667,2719.76,20,71,0
ID_000668,2471.78,80,87,0
ID_000669,42.37,90,28,0
ID_000670,3690.91,51,79,0
ID_000671,1028.13,59,46,1
ID_000672,1144.1,50,40,1
ID_000673,4669.88,73,87,0
ID_000674,9958.7,100,24,0
ID_000675,1744.29,35,90,0
ID_000676,2709.62,53,75,1
ID_000677,6353.94,56,2,0
ID_000678,5054.33,93,64,0
ID_000679,7805.34,67,3,1
ID_000680,3851.16,28,72,1
ID_000681,3227.26,97,82,0
ID_000682,1963.55,15,83,1
ID_000683,1056.03,35,9,0
ID_000684,8436.99,92,28,1
ID_000685,4627.49,39,51,0
ID_000686,107.36,27,40,0
ID_000687,2472.06,32,39,1
ID_000688,4396.26,33,91,0
ID_000689,2017.67,61,36,1
ID_000690,6166.17,27,24,0
ID_000691,7362.18,50,48,0
ID_000692,9089.4,11,36,0
ID_000693,8113.07,13,29,1
ID_000694,9243.75,30,22,0
ID_000695,6382.55,60,10,0
ID_000696,9610.74,93,56,1
ID_000697,8360.57,13,60,1
ID_000698,9226.56,78,67,1
ID_000699,8188.53,70,37,1
ID_000700,2315.27,39,97,0
ID_000701,140.43,90,9,1
ID_000702,3556.01,62,82,1
ID_000703,7346.36,91,11,1
ID_000704,4810.25,88,76,0
ID_000705,3833.06,62,21,1
ID_000706,832.65,1,17,0
ID_000707,1684.3,11,16,1
ID_000708,1910.93,72,15,0
ID_000709,2534.26,95,76,1
ID_000710,6969.83,10,59,0
ID_000711,6162.14,65,57,1
ID_000712,7834.47,96,58,1
ID_000713,1916.77,12,95,0
ID_000714,3156.54,8,69,0
ID_000715,8414.87,42,42,1
ID_000716,471.6,50,6,1
ID_000717,1250.97,28,15,1
ID_000718,7575.58,61,46,0
ID_000719,3645.18,15,81,1
ID_000720,6412.42,9,41,0
ID_000721,8473.04,22,7,1
ID_000722,3870.74,14,14,0
ID_000723,7505.02,7,34,0
ID_000724,948.75,56,42,0
ID_000725,7482.08,28,33,1
ID_000726,7998.7,98,19,0
ID_000727,7656.59,47,40,0
ID_000728,6386.19,82,92,1
ID_000729,6331.4,35,25,0
ID_000730,1156.68,86,53,0
ID_000731,4912.5,44,62,1
ID_000732,4654.07,4,54,0
ID_000733,5787.19,7,38,1
ID_000734,7616.56,87,83,0
ID_000735,7797.09,92,82,1
ID_000736,7725.71,12,56,0
ID_000737,1760.17,95,93,1
ID_000738,5382.52,53,21,1
ID_000739,6593.23,51,81,0
ID_000740,1826.44,51,82,0
ID_000741,4400.3,67,77,1
ID_000742,5792.61,78,73,0
ID_000743,5557.92,91,4,0
ID_000744,641.79,71,17,1
ID_000745,679.8,2,46,1
ID_000746,4113.75,58,90,1
ID_000747,3797.21,6,88,1
ID_000748,7871.82,96,2,0
ID_000749,1993.13,22,13,0
ID_000750,325.73,65,23,1
ID_000751,5104.13,27,23,1
ID_000752,6538.24,73,36,0
ID_000753,932.6,49,25,1
ID_000754,3819.92,75,42,1
ID_000755,35.82,57,12,0
ID_000756,888.76,12,23,0
ID_000757,8529.03,40,46,1
ID_000758,1553.72,57,43,1
ID_000759,8244.07,11,1,0
ID_000760,216.64,97,64,0
ID_000761,3403.4,60,92,0
ID_000762,6428.71,79,16,1
ID_000763,9488.91,70,83,0
ID_000764,5069.76,41,36,0
ID_000765,7542.41,4,60,1
ID_000766,8431.91,99,99,1
ID_000767,1457.6,60,54,1
ID_000768,4008.32,32,6,0
ID_000769,1046.73,67,31,0
ID_000770,1571.18,99,64,0
ID_000771,8545.14,50,29,1
ID_000772,513.72,87,79,1
ID_000773,6538.9,6,91,1
ID_000774,938.9,19,47,1
ID_000775,540.24,95,88,0
ID_000776,8315.88,67,30,1
ID_000777,6437.37,82,39,0
ID_000778,8812.54,69,88,1
ID_000779,9896.91,10,63,0
ID_000780,8291.91,39,13,1
ID_000781,6607.31,69,1,1
ID_000782,8409.69,17,73,1
ID_000783,8228.82,43,90,0
ID_000784,1239.85,69,39,1
ID_000785,6293.38,30,70,1
ID_000786,9447.94,56,27,1
ID_000787,833.15,90,65,1
ID_000788,9980.0,86,88,1
ID_000789,46.4,9,20,1
ID_000790,7605.33,17,87,0
ID_000791,7356.27,75,98,0
ID_000792,8114.82,18,45,0
ID_000793,9214.47,17,23,1
ID_000794,2485.13,54,28,1
ID_000795,2884.8,15,28,0
ID_000796,4727.43,33,36,0
ID_000797,6894.58,44,84,0
ID_000798,9011.97,93,1,0
ID_000799,3618.38,47,2,0
ID_000800,1911.81,89,31,1
ID_000801,2718.72,32,17,0
ID_000802,2657.84,49,68,0
ID_000803,8676.81,40,97,0
ID_000804,8758.05,51,23,1
ID_000805,5950.57,90,6,0
ID_000806,4149.18,78,28,1
ID_000807,4488.34,73,29,1
ID_000808,6618.68,82,16,0
ID_000809,1336.09,74,15,0
ID_000810,9213.59,26,65,1
ID_000811,1210.33,83,12,0
ID_000812,9415.37,92,97,1
ID_000813,1108.19,26,39,1
ID_000814,2525.66,52,97,1
ID_000815,1675.75,93,38,0
ID_000816,2368.32,99,3,1
ID_000817,9981.5,16,22,1
ID_000818,8923.28,68,29,0
ID_000819,1773.92,25,86,0
ID_000820,4539.23,50,11,1
ID_000821,6968.66,68,45,0
ID_000822,9893.86,52,90,1
ID_000823,4533.78,84,1,0
ID_000824,5552.35,11,16,0
ID_000825,1172.78,32,67,0
ID_000826,1988.21,65,45,1
ID_000827,2745.02,79,78,1
ID_000828,1977.16,26,34,1
ID_000829,4085.12,73,21,0
ID_000830,5387.55,74,38,1
ID_000831,1341.76,69,88,1
ID_000832,4419.59,58,41,1
ID_000833,2835.35,74,82,0
ID_000834,6159.91,46,98,1
ID_000835,6248.05,90,2,1
ID_000836,5506.1,66,38,1
ID_000837,4585.35,66,48,0
ID_000838,6928.21,47,39,1
ID_000839,3430.13,9,88,1
ID_000840,5176.27,6,98,0
ID_000841,8135.37,62,47,0
ID_000842,4570.92,10,23,0
ID_000843,7128.93,97,48,0
ID_000844,2575.03,10,3,0
ID_000845,9225.66,43,49,1
ID_000846,4767.5,83,49,0
ID_000847,6201.9,99,46,0
ID_000848,5638.46,41,65,1
ID_000849,2265.51,35,40,0
ID_000850,4271.59,8,27,1
ID_000851,4219.58,96,4,0
ID_000852,8365.24,75,3,1
ID_000853,5891.63,3,49,1
ID_000854,6240.87,53,93,0
ID_000855,8247.9,52,90,1
ID_000856,6956.25,54,64,0
ID_000857,5613.92,99,49,1
ID_000858,4871.59,36,54,0
ID_000859,7925.2,85,19,1
ID_000860,9671.16,3,22,1
ID_000861,5954.39,43,6,1
ID_000862,7734.14,57,58,0
ID_000863,9144.11,89,30,0
ID_000864,4176.71,26,75,1
ID_000865,1880.93,76,8,1
ID_000866,8935.22,3,100,0
ID_000867,5576.67,89,13,0
ID_000868,8888.24,90,53,0
ID_000869,8255.24,53,60,1
ID_000870,3573.21,96,62,1
ID_000871,7447.56,24,48,0
ID_000872,3056.64,32,90,1
ID_000873,9765.11,69,33,0
ID_000874,5424.29,96,3,0
ID_000875,1192.39,57,85,1
ID_000876,7073.96,86,83,1
ID_000877,208.61,2,99,1
ID_000878,840.03,27,75,1
ID_000879,279.06,93,69,1
ID_000880,7168.07,41,78,0
ID_000881,503.19,99,16,0
ID_000882,8263.16,75,24,1
ID_000883,1348.37,86,47,0
ID_000884,5598.45,78,58,1
ID_000885,2814.25,35,14,0
ID_000886,5406.79,12,54,1
ID_000887,8644.94,32,38,0
ID_000888,2419.68,85,80,1
ID_000889,9161.79,67,62,0
ID_000890,2582.15,99,85,1
ID_000891,2508.69,38,22,1
ID_000892,3740.61,60,65,0
ID_000893,4823.13,47,75,0
ID_000894,4351.1,100,56,1
ID_000895,2499.95,28,6,0
ID_000896,2849.19,95,73,1
ID_000897,5594.74,9,26,0
ID_000898,5046.99,82,99,1
ID_000899,7793.67,85,13,0
ID_000900,6405.24,92,33,1
ID_000901,3666.91,64,88,1
ID_000902,7259.17,22,51,0
ID_000903,8501.59,23,25,1
ID_000904,7524.12,48,24,0
ID_000905,1710.67,97,38,1
ID_000906,5785.07,55,52,0
ID_000907,2626.09,9,100,0
ID_000908,3943.61,60,60,1
ID_000909,7221.12,79,85,0
ID_000910,2936.43,10,25,0
ID_000911,7534.37,43,15,0
ID_000912,8124.44,1,4,0
ID_000913,3286.06,2,53,0
ID_000914,8789.24,30,61,0
ID_000915,347.65,98,51,1
ID_000916,131.44,19,66,0
ID_000917,2856.87,19,32,0
ID_000918,3843.84,96,99,0
ID_000919,6981.14,40,15,1
ID_000920,1071.26,13,72,0
ID_000921,1809.19,59,93,1
ID_000922,8584.53,92,31,1
ID_000923,6869.24,16,7,1
ID_000924,4602.55,85,3,1
ID_000925,7605.89,34,79,1
ID_000926,4624.77,47,67,0
ID_000927,7055.61,69,27,1
ID_000928,4256.24,98,65,1
ID_000929,4279.61,24,76,0
ID_000930,2266.99,32,5,1
ID_000931,773.17,61,74,0
ID_000932,2798.05,20,89,0
ID_000933,3477.34,43,17,1
ID_000934,8532.65,61,27,0
ID_000935,8706.18,31,61,1
ID_000936,7575.88,95,66,1
ID_000937,6360.24,37,46,1
ID_000938,2941.47,55,59,0
ID_000939,6929.51,25,69,1
ID_000940,3755.98,92,73,1
ID_000941,5725.44,64,5,1
ID_000942,4312.1,21,67,0
ID_000943,4584.83,10,82,1
ID_000944,1081.46,78,15,1
ID_000945,5449.46,1,81,1
ID_000946,1030.96,93,73,1
ID_000947,8537.16,98,6,1
ID_000948,4701.75,55,42,0
ID_000949,9293.71,85,59,0
ID_000950,4391.38,94,2,1
ID_000951,6495.04,92,9,0
ID_000952,4081.99,58,59,1
ID_000953,854.91,15,4,1
ID_000954,9441.26,52,36,0
ID_000955,7126.26,41,5,0
ID_000956,6553.95,17,28,0
ID_000957,5787.83,86,85,0
ID_000958,5341.56,12,87,1
ID_000959,9607.28,76,12,0
ID_000960,9565.6,98,79,0
ID_000961,7537.18,9,99,0
ID_000962,558.8,63,6,1
ID_000963,1679.53,33,10,1
ID_000964,7079.52,100,47,1
ID_000965,9647.24,36,96,0
ID_000966,5399.66,27,28,0
ID_000967,8481.19,99,94,0
ID_000968,218.25,36,56,1
ID_000969,9719.27,87,92,1
ID_000970,1022.35,33,62,0
ID_000971,4185.77,68,19,0
ID_000972,3926.84,93,1,0
ID_000973,9965.78,95,68,1
ID_000974,1271.49,70,90,1
ID_000975,9116.74,55,63,0
ID_000976,5459.5,98,16,1
ID_000977,793.83,82,26,0
ID_000978,7984.45,64,36,1
ID_000979,8351.51,97,68,0
ID_000980,1162.15,43,88,0
ID_000981,1660.96,55,51,1
ID_000982,2379.71,62,8,0
ID_000983,7627.45,56,89,0
ID_000984,6035.07,50,22,0
ID_000985,6836.62,40,45,1
ID_000986,6624.5,27,64,1
ID_000987,1165.95,86,79,1
ID_000988,7486.29,96,87,1
ID_000989,7561.92,51,23,1
ID_000990,6868.51,1,72,0
ID_000991,4437.18,37,92,0
ID_000992,372.35,64,40,0
ID_000993,1519.87,79,20,1
ID_000994,5743.84,55,37,0
ID_000995,5211.04,67,87,1
ID_000996,7302.98,93,89,1
ID_000997,3232.04,17,14,0
ID_000998,5458.75,42,28,0
ID_000999,3550.76,10,28,0
ID_001000,2595.56,95,34,0
ID_001001,8607.73,82,59,0
ID_001002,2829.16,87,13,0
ID_001003,2354.29,40,17,1
ID_001004,2757.49,2,17,0
ID_001005,2106.1,50,22,0
ID_001006,560.49,54,38,0
ID_001007,6977.29,46,23,0
ID_001008,3575.3,33,52,1
ID_001009,2265.56,38,33,0
ID_001010,4193.06,96,29,1
ID_001011,2916.93,71,83,1
ID_001012,3572.39,42,50,1
ID_001013,6791.8,83,73,1
ID_001014,6535.8,56,75,0
ID_001015,2012.7,89,81,1
ID_001016,4227.91,9,67,0
ID_001017,1077.53,72,83,1
ID_001018,9662.67,46,69,0
ID_001019,2171.62,53,60,0
ID_001020,74.02,51,24,1
ID_001021,6376.3,12,33,0
ID_001022,8344.94,24,91,1
ID_001023,8534.03,90,60,1
ID_001024,2314.78,85,7,1
ID_001025,6708.44,70,36,1
ID_001026,1145.15,78,63,1
ID_001027,9079.37,97,24,1
ID_001028,5036.71,90,92,0
ID_001029,331.82,40,40,0
ID_001030,5255.82,4,11,0
ID_001031,1989.99,65,5,0
ID_001032,407.79,59,54,1
ID_001033,8810.68,84,86,0
ID_001034,3639.24,100,9,0
ID_001035,1853.03,10,97,1
ID_001036,5448.31,45,17,1
ID_001037,5054.08,76,86,0
ID_001038,1893.68,28,55,0
ID_001039,319.77,98,77,0
ID_001040,2489.47,15,97,0
ID_001041,4181.27,44,1,1
ID_001042,7234.16,68,18,1
ID_001043,3518.45,23,13,0
ID_001044,188.81,16,88,0
ID_001045,4831.53,6,1,1
ID_001046,127.65,19,21,1
ID_001047,2398.23,8,80,1
ID_001048,2392.92,11,82,0
ID_001049,5695.99,41,93,1
ID_001050,2672.55,94,56,1
ID_001051,201.05,46,43,1
ID_001052,9019.72,72,44,1
ID_001053,5575.21,81,8,0
ID_001054,3648.01,94,68,0
ID_001055,8475.83,80,8,0
ID_001056,8221.58,29,59,1
ID_001057,1303.21,98,81,0
ID_001058,9512.13,39,91,0
ID_001059,3628.38,21,53,1
ID_001060,5666.0,89,80,1
ID_001061,4606.22,87,44,1
ID_001062,1969.6,61,96,0
ID_001063,4300.34,84,81,1
ID_001064,3813.79,79,36,0
ID_001065,6322.57,91,30,0
ID_001066,6515.41,68,15,0
ID_001067,9145.12,87,80,0
ID_001068,6171.31,86,20,0
ID_001069,4019.14,42,39,1
ID_001070,1920.99,38,51,1
ID_001071,8250.98,48,37,1
ID_001072,3139.03,30,51,1
ID_001073,2097.65,98,22,0
ID_001074,7070.83,37,4,1
ID_001075,2247.92,70,31,0
ID_001076,5953.17,53,51,1
ID_001077,1321.2,90,12,1
ID_001078,3087.67,80,55,0
ID_001079,2981.79,53,14,0
ID_001080,1959.73,2,18,0
ID_001081,5623.81,7,92,1
ID_001082,8450.99,80,48,0
ID_001083,7244.47,74,82,1
ID_001084,7415.19,69,48,0
ID_001085,9448.93,10,65,1
ID_001086,3493.2,37,94,0
ID_001087,7215.2,14,93,1
ID_001088,7352.66,30,78,0
ID_001089,3309.3,97,99,1
ID_001090,8086.56,2,99,0
ID_001091,72.62,30,93,0
ID_001092,3833.7,8,44,1
ID_001093,2889.34,56,3,0
ID_001094,2904.66,30,83,1
ID_001095,745.33,14,89,1
ID_001096,4642.3,50,98,0
ID_001097,6461.39,79,15,0
ID_001098,1181.66,95,56,1
ID_001099,5449.91,15,51,1
ID_001100,8432.07,30,24,1
ID_001101,3691.53,15,28,0
ID_001102,9462.15,59,85,0
ID_001103,3648.93,95,16,1
ID_001104,8472.72,19,78,1
ID_001105,6033.33,9,18,0
ID_001106,7191.65,81,99,0
ID_001107,2609.24,77,27,1
ID_001108,9518.99,41,50,0
ID_001109,228.52,55,50,1
ID_001110,9951.44,14,92,0
ID_001111,2059.77,36,52,0
ID_001112,51.27,47,69,0
ID_001113,6052.5,62,50,0
ID_001114,6391.09,88,27,1
ID_001115,2867.69,87,72,1
ID_001116,7787.42,13,84,1
ID_001117,6236.25,59,46,1
ID_001118,6318.41,51,73,1
ID_001119,6179.08,88,48,0
ID_001120,3111.84,64,49,0
ID_001121,2621.46,22,94,1
ID_001122,3851.22,61,83,1
ID_001123,5102.87,69,79,0
ID_001124,14.96,17,54,1
ID_001125,7629.32,54,70,0
ID_001126,581.59,23,88,1
ID_001127,2448.24,74,8,0
ID_001128,8604.55,93,13,1
ID_001129,4324.92,70,34,1
ID_001130,2146.65,93,1,0
ID_001131,8422.73,91,51,1
ID_001132,6937.99,99,45,1
ID_001133,8360.27,40,38,0
ID_001134,6272.08,44,48,1
ID_001135,4517.01,24,97,1
ID_001136,2456.3,79,74,1
ID_001137,4092.14,99,95,1
ID_001138,1880.77,85,11,1
ID_001139,8793.81,71,61,1
ID_001140,406.7,32,14,0
ID_001141,867.71,71,23,1
ID_001142,7006.41,40,5,1
ID_001143,8985.46,62,37,1
ID_001144,8538.4,39,92,1
ID_001145,2918.28,17,40,1
ID_001146,1432.35,74,86,0
ID_001147,5216.54,55,72,1
ID_001148,533.33,58,47,1
ID_001149,4971.63,60,23,0
ID_001150,3950.81,61,40,0
ID_001151,7417.88,100,16,0
ID_001152,3369.37,90,13,0
ID_001153,9293.92,96,76,1
ID_001154,6135.26,39,47,0
ID_001155,8869.85,73,70,0
ID_001156,403.16,48,43,1
ID_001157,4802.09,71,65,1
ID_001158,8674.71,21,59,1
ID_001159,8221.95,75,76,0
ID_001160,4783.96,36,65,1
ID_001161,5081.35,34,48,0
ID_001162,9908.23,99,45,1
ID_001163,8862.8,66,65,0
ID_001164,8196.95,100,17,1
ID_001165,7415.9,7,6,1
ID_001166,5834.57,54,73,0
ID_001167,16.51,22,60,0
ID_001168,3661.46,31,59,1
ID_001169,7865.74,67,22,0
ID_001170,5490.11,17,61,0
ID_001171,7236.02,75,83,0
ID_001172,2827.03,95,5,0
ID_001173,5602.11,4,12,0
ID_001174,3889.31,66,27,1
ID_001175,7828.75,42,68,1
ID_001176,882.9,4,96,0
ID_001177,288.64,2,96,0
ID_001178,663.29,41,38,1
ID_001179,4431.36,100,27,1
ID_001180,5010.39,28,15,1
ID_001181,2532.82,86,51,1
ID_001182,5671.98,50,54,0
ID_001183,9629.96,98,71,1
ID_001184,7237.49,35,45,1
ID_001185,4021.62,97,46,0
ID_001186,5702.24,93,91,1
ID_001187,4949.78,98,20,0
ID_001188,9698.82,50,22,1
ID_001189,6367.05,44,46,0
ID_001190,2035.0,84,92,1
ID_001191,8564.28,58,4,1
ID_001192,9085.22,14,57,0
ID_001193,588.25,89,14,0
ID_001194,4905.6,40,22,1
ID_001195,8020.61,8,50,0
ID_001196,5947.24,25,35,1
ID_001197,1785.12,34,84,0
ID_001198,9888.65,97,49,0
ID_001199,2311.68,100,1,1
ID_001200,1807.65,37,77,1
ID_001201,5162.21,85,4,0
ID_001202,6016.81,79,87,1
ID_001203,8575.16,60,15,0
ID_001204,2585.38,65,72,0
ID_001205,5222.81,12,66,1
ID_001206,257.83,61,66,0
ID_001207,9668.12,92,36,1
ID_001208,3208.63,62,77,0
ID_001209,4286.94,90,100,1
ID_001210,9162.68,12,50,1
ID_001211,7577.69,73,60,0
ID_001212,6337.22,81,39,1
ID_001213,9181.95,92,88,1
ID_001214,2961.55,26,15,1
ID_001215,8382.86,87,33,1
ID_001216,1684.79,29,86,0
ID_001217,6210.15,81,93,0
ID_001218,9588.89,54,88,0
ID_001219,5887.35,49,69,1
ID_001220,9159.79,12,47,1
ID_001221,82.11,26,32,0
ID_001222,2646.6,15,37,1
ID_001223,6639.59,5,73,0
ID_001224,3443.64,95,97,0
ID_001225,1473.36,7,43,0
ID_001226,4997.16,44,49,1
ID_001227,6196.26,14,87,0
ID_001228,4450.16,22,28,1
ID_001229,4932.82,46,25,1
ID_001230,2663.69,67,38,0
ID_001231,2402.79,46,57,1
ID_001232,7490.35,74,17,1
ID_001233,7184.64,45,20,0
ID_001234,8670.1,6,90,1
ID_001235,3482.15,78,3,0
ID_001236,1030.4,25,16,1
ID_001237,5763.05,49,98,1
ID_001238,3272.76,71,93,0
ID_001239,1277.69,5,81,1
ID_001240,6633.99,73,10,1
ID_001241,5804.41,39,45,0
ID_001242,4546.63,83,58,1
ID_001243,2086.85,29,3,0
ID_001244,5461.12,4,83,1
ID_001245,340.8,46,82,1
ID_001246,5875.92,59,4,0
ID_001247,7555.82,69,81,0
ID_001248,2094.88,78,2,1
ID_001249,2600.08,71,4,0
ID_001250,4999.91,25,3,0
ID_001251,3099.73,95,69,1
ID_001252,832.44,97,86,0
ID_001253,3057.45,89,61,0
ID_001254,8819.52,38,9,1
ID_001255,9401.04,69,75,0
ID_001256,3115.65,43,66,0
ID_001257,3694.26,77,57,0
ID_001258,3436.03,66,100,1
ID_001259,934.95,23,20,0
ID_001260,7941.76,81,92,0
ID_001261,7246.45,66,25,0
ID_001262,3401.81,53,39,1
ID_001263,9777.66,37,18,0
ID_001264,2323.98,52,42,1
ID_001265,2683.94,81,95,1
ID_001266,1646.15,13,57,0
ID_001267,8786.15,29,12,0
ID_001268,5470.83,15,11,1
ID_001269,7797.67,100,45,1
ID_001270,9346.77,89,53,0
ID_001271,1081.08,99,22,0
ID_001272,8661.82,31,86,0
ID_001273,5184.28,70,32,1
ID_001274,5208.29,91,59,0
ID_001275,957.28,10,5,0
ID_001276,397.57,43,87,0
ID_001277,8095.62,61,15,1
ID_001278,2080.7,9,93,0
ID_001279,2302.89,56,18,1
ID_001280,4854.27,23,37,1
ID_001281,7087.91,46,73,1
ID_001282,9853.15,46,34,1
ID_001283,3506.28,79,64,1
ID_001284,3673.88,43,19,1
ID_001285,6242.13,58,52,0
ID_001286,8024.58,19,41,1
ID_001287,9392.62,86,87,0
ID_001288,7581.48,17,75,1
ID_001289,8120.04,51,91,0
ID_001290,1383.01,7,16,0
ID_001291,899.02,26,42,0
ID_001292,9407.23,43,19,1
ID_001293,8729.35,47,6,1
ID_001294,4067.49,7,17,1
ID_001295,165.12,13,17,0
ID_001296,8099.02,8,55,0
ID_001297,7972.48,88,98,1
ID_001298,8388.97,49,24,1
ID_001299,1091.79,67,77,1
ID_001300,7688.43,42,82,0
ID_001301,3235.18,84,99,1
ID_001302,5201.01,42,46,0
ID_001303,8390.57,86,64,0
ID_001304,8360.57,93,38,1
ID_001305,7092.37,49,71,0
ID_001306,5964.97,96,7,1
ID_001307,8607.11,53,27,0
ID_001308,4438.98,31,2,0
ID_001309,1635.46,33,57,1
ID_001310,135.88,94,45,0
ID_001311,2427.61,88,25,1
ID_001312,1521.08,40,23,0
ID_001313,9855.21,94,92,1
ID_001314,9506.28,99,55,0
ID_001315,5171.27,94,62,0
ID_001316,7179.7,11,72,1
ID_001317,5907.87,14,3,0
ID_001318,5223.53,95,58,0
ID_001319,90.99,1,95,1
ID_001320,5026.78,98,46,0
ID_001321,429.09,58,45,1
ID_001322,8837.85,97,82,1
ID_001323,541.46,65,98,1
ID_001324,1838.08,23,5,0
ID_001325,9375.91,12,61,1
ID_001326,5767.24,21,14,1
ID_001327,2100.1,40,12,1
ID_001328,4159.17,2,98,1
ID_001329,67.93,61,76,0
ID_001330,8879.79,55,28,1
ID_001331,4903.33,64,95,0
ID_001332,7767.71,74,48,1
ID_001333,8207.29,53,10,0
ID_001334,1700.57,14,39,0
ID_001335,6638.43,48,62,0
ID_001336,5061.87,35,23,0
ID_001337,4688.51,89,76,1
ID_001338,2439.81,82,94,1
ID_001339,1223.18,18,100,1
ID_001340,2853.23,84,63,1
ID_001341,2211.71,63,53,0
ID_001342,4508.19,45,2,0
ID_001343,2730.58,48,53,0
ID_001344,7838.2,48,6,1
ID_001345,8484.28,49,74,0
ID_001346,5796.04,11,36,1
ID_001347,8722.27,58,61,1
ID_001348,6063.72,29,26,0
ID_001349,941.96,56,34,1
ID_001350,856.37,84,39,0
ID_001351,7549.57,64,64,1
ID_001352,9831.09,32,83,1
ID_001353,6029.37,44,7,1
ID_001354,6413.32,12,32,0
ID_001355,7420.27,31,3,1
ID_001356,6699.36,48,76,0
ID_001357,1137.85,42,65,0
ID_001358,558.58,63,6,0
ID_001359,3589.39,42,21,1
ID_001360,7884.67,81,100,0
ID_001361,7253.1,64,11,1
ID_001362,2558.06,82,47,0
ID_001363,3439.45,58,57,1
ID_001364,8542.18,39,29,1
ID_001365,6428.4,74,85,0
ID_001366,5530.15,11,12,0
ID_001367,1169.76,52,49,0
ID_001368,8586.83,60,9,1
ID_001369,1155.31,42,56,1
ID_001370,6528.74,56,77,0
ID_001371,3936.53,84,11,0
ID_001372,6542.21,36,56,1
ID_001373,5486.11,51,54,1
ID_001374,324.56,100,64,1
ID_001375,8139.16,64,93,1
ID_001376,6365.3,18,28,1
ID_001377,4906.72,71,28,0
ID_001378,9532.26,6,19,0
ID_001379,6950.01,61,71,1
ID_001380,118.8,45,11,0
ID_001381,3589.57,62,35,0
ID_001382,1811.54,41,27,0
ID_001383,4780.99,30,68,0
ID_001384,3136.61,28,92,1
ID_001385,2396.89,55,45,0
ID_001386,7546.77,68,26,1
ID_001387,7948.93,34,17,1
ID_001388,4443.35,42,79,0
ID_001389,6701.06,87,78,1
ID_001390,1468.39,67,76,1
ID_001391,174.74,94,30,0
ID_001392,3699.73,40,58,1
ID_001393,9182.21,20,2,0
ID_001394,5744.17,76,97,0
ID_001395,1398.15,24,26,1
ID_001396,9125.61,10,84,1
ID_001397,320.48,39,92,0
ID_001398,3237.99,66,38,1
ID_001399,7059.19,55,27,1
ID_001400,5573.75,78,96,0
ID_001401,662.5,80,18,0
ID_001402,8161.31,91,94,0
ID_001403,9083.89,30,76,0
ID_001404,8688.02,58,98,0
ID_001405,4405.48,69,48,0
ID_001406,6207.34,13,27,0
ID_001407,9697.56,91,21,0
ID_001408,1400.08,93,93,0
ID_001409,4083.74,31,19,0
ID_001410,8602.93,70,1,1
ID_001411,9801.98,29,62,0
ID_001412,439.64,34,93,1
ID_001413,6264.31,41,3,1
ID_001414,7634.58,84,42,0
ID_001415,2798.68,47,92,0
ID_001416,1514.4,97,70,0
ID_001417,764.04,95,82,0
ID_001418,5974.78,57,5,0
ID_001419,7300.54,50,86,0
ID_001420,4795.33,82,90,0
ID_001421,578.24,25,69,1
ID_001422,5754.61,75,91,1
ID_001423,9065.17,19,6,0
ID_001424,7104.12,77,50,0
ID_001425,706.55,88,38,0
ID_001426,1528.58,23,36,0
ID_001427,2310.67,88,63,0
ID_001428,1213.37,39,83,0
ID_001429,9741.05,36,49,1
ID_001430,7839.93,98,83,0
ID_001431,4280.25,46,89,1
ID_001432,5197.14,25,35,0
ID_001433,1442.34,49,38,0
ID_001434,7058.53,9,8,1
ID_001435,3290.35,66,61,1
ID_001436,9790.33,69,89,0
ID_001437,9348.71,14,32,1
ID_001438,4796.45,13,7,1
ID_001439,2226.52,18,21,1
ID_001440,6673.32,71,14,0
ID_001441,5308.74,28,45,1
ID_001442,9132.09,54,90,1
ID_001443,5214.97,44,67,0
ID_001444,8603.85,30,74,1
ID_001445,9549.97,22,53,1
ID_001446,4095.69,19,23,0
ID_001447,4594.05,97,39,1
ID_001448,8180.7,53,53,1
ID_001449,7290.98,70,31,1
ID_001450,5369.04,16,33,0
ID_001451,1186.23,26,42,0
ID_001452,5321.95,86,41,1
ID_001453,8178.0,59,100,0
ID_001454,6523.97,21,7,1
ID_001455,2676.39,85,87,0
ID_001456,2669.1,75,32,0
ID_001457,9496.42,20,35,1
ID_001458,4098.19,54,74,1
ID_001459,3475.3,95,68,0
ID_001460,6979.73,6,1,1
ID_001461,7592.11,37,29,1
ID_001462,2529.9,26,47,1
ID_001463,3146.7,92,25,1
ID_001464,6449.0,99,62,0
ID_001465,2873.39,2,62,1
ID_001466,1666.23,39,81,1
ID_001467,8194.61,81,53,1
ID_001468,2565.21,81,27,0
ID_001469,4488.8,74,65,1
ID_001470,1867.76,60,13,1
ID_001471,5226.1,61,43,0
ID_001472,8565.14,39,65,1
ID_001473,8676.43,24,83,0
ID_001474,6783.55,30,62,0
ID_001475,5212.26,24,10,1
ID_001476,7454.31,3,85,1
ID_001477,9458.16,66,64,1
ID_001478,8897.8,26,11,1
ID_001479,4723.89,38,94,1
ID_001480,5490.97,95,98,0
ID_001481,8644.73,79,83,0
ID_001482,5562.64,46,24,1
ID_001483,8958.93,16,40,0
ID_001484,5179.77,76,7,1
ID_001485,5731.39,25,82,1
ID_001486,7279.75,19,38,0
ID_001487,9453.39,24,96,0
ID_001488,4401.96,80,40,0
ID_001489,4994.5,16,53,1
ID_001490,6816.37,72,12,0
ID_001491,4386.44,15,4,1
ID_001492,577.51,59,49,1
ID_001493,7800.04,14,45,1
ID_001494,4327.41,18,54,0
ID_001495,4984.94,26,98,0
ID_001496,9999.91,100,16,0
ID_001497,4919.84,56,65,0
ID_001498,6680.17,92,38,1
ID_001499,9380.18,41,92,0
ID_001500,3810.76,61,18,1
ID_001501,6446.91,37,3,0
ID_001502,7001.99,34,71,0
ID_001503,1199.92,93,23,0
ID_001504,5075.81,13,80,1
ID_001505,3474.79,12,90,0
ID_001506,4465.32,8,95,1
ID_001507,2821.97,78,63,1
ID_001508,4400.56,13,89,0
ID_001509,8998.24,20,98,1
ID_001510,9660.86,18,1,0
ID_001511,3714.39,25,25,1
ID_001512,6104.52,95,69,1
ID_001513,298.83,71,64,1
ID_001514,4974.21,83,2,1
ID_001515,1530.57,42,26,0
ID_001516,8473.26,94,50,1
ID_001517,8161.56,12,72,1
ID_001518,3516.18,6,11,1
ID_001519,9913.54,46,28,0
ID_001520,816.01,87,28,1
ID_001521,4517.31,64,93,0
ID_001522,9219.28,94,13,1
ID_001523,3560.35,51,67,1
ID_001524,9513.3,83,55,0
ID_001525,6221.61,87,13,1
ID_001526,5693.23,28,35,0
ID_001527,4224.13,58,23,0
ID_001528,6667.42,5,72,0
ID_001529,9936.36,31,39,0
ID_001530,2587.19,67,37,0
ID_001531,7975.83,49,44,0
ID_001532,9714.37,59,93,0
ID_001533,6245.09,84,88,1
ID_001534,3125.69,25,33,0
ID_001535,3815.44,8,61,1
ID_001536,5181.91,40,55,1
ID_001537,6788.66,24,84,0
ID_001538,9203.78,53,48,0
ID_001539,3347.37,7,93,1
ID_001540,7217.91,33,59,0
ID_001541,5413.92,35,20,1
ID_001542,3617.92,86,50,1
ID_001543,482.79,69,47,1
ID_001544,2042.21,32,15,0
ID_001545,4542.96,34,23,1
ID_001546,550.7,88,10,1
ID_001547,3634.16,86,29,0
ID_001548,5572.36,33,50,1
ID_001549,5459.38,20,43,0
ID_001550,5735.67,65,2,1
ID_001551,9863.65,8,64,1
ID_001552,1621.99,69,56,0
ID_001553,551.38,42,19,1
ID_001554,1359.72,1,83,0
ID_001555,8769.37,63,11,1
ID_001556,7491.06,94,9,1
ID_001557,4473.24,16,13,0
ID_001558,4572.63,89,27,0
ID_001559,4327.89,68,76,0
ID_001560,3258.54,51,32,1
ID_001561,3653.02,48,28,0
ID_001562,1652.64,91,83,1
ID_001563,831.16,87,1,0
ID_001564,7907.46,19,54,1
ID_001565,6216.17,20,2,1
ID_001566,2211.18,33,70,0
ID_001567,9919.81,93,32,0
ID_001568,7639.89,23,58,0
ID_001569,4377.9,58,94,0
ID_001570,330.08,47,7,0
ID_001571,494.48,10,88,1
ID_001572,7828.44,8,65,1
ID_001573,8965.27,66,62,0
ID_001574,2848.52,18,29,1
ID_001575,1767.65,40,39,1
ID_001576,5363.46,83,100,0
ID_001577,7968.21,21,74,1
ID_001578,9572.44,89,36,1
ID_001579,3806.64,45,40,0
ID_001580,7364.65,48,72,0
ID_001581,5503.67,48,68,1
ID_001582,9955.77,100,46,0
ID_001583,3483.65,44,49,0
ID_001584,2927.89,35,14,0
ID_001585,4266.23,48,28,0
ID_001586,9428.88,60,70,1
ID_001587,8773.8,78,36,1
ID_001588,7524.39,38,60,0
ID_001589,8602.76,69,65,1
ID_001590,2390.06,44,11,0
ID_001591,55.58,62,11,0
ID_001592,4958.58,11,48,1
ID_001593,5373.38,37,12,1
ID_001594,2808.54,40,31,1
ID_001595,9114.62,51,83,0
ID_001596,5900.41,75,38,0
ID_001597,1772.12,19,43,1
ID_001598,5445.07,94,58,0
ID_001599,9243.56,54,24,0
ID_001600,6867.8,29,73,1
ID_001601,4743.91,4,5,1
ID_001602,8121.91,95,26,1
ID_001603,800.98,40,49,1
ID_001604,6776.47,13,82,0
ID_001605,6812.44,60,66,1
ID_001606,3270.45,53,46,1
ID_001607,3433.53,37,72,0
ID_001608,9417.33,66,18,1
ID_001609,9520.25,22,34,1
ID_001610,9498.47,82,49,0
ID_001611,4494.62,6,5,0
ID_001612,367.17,43,17,0
ID_001613,8715.2,50,59,0
ID_001614,4040.19,19,10,0
ID_001615,3841.85,29,20,0
ID_001616,4163.73,3,58,0
ID_001617,5789.15,14,46,0
ID_001618,8401.71,62,14,0
ID_001619,1031.24,6,28,0
ID_001620,6989.36,48,71,0
ID_001621,6816.62,21,34,1
ID_001622,9429.32,25,8,1
ID_001623,2507.42,6,24,0
ID_001624,6402.65,86,8,0
ID_001625,7154.39,10,2,0
ID_001626,7970.4,99,1,1
ID_001627,3956.08,73,100,0
ID_001628,9818.94,51,12,1
ID_001629,8354.2,54,77,1
ID_001630,3300.37,21,46,1
ID_001631,9620.24,25,26,0
ID_001632,1097.65,81,92,1
ID_001633,6565.24,10,4,1
ID_001634,9818.22,96,34,0
ID_001635,1875.98,33,29,1
ID_001636,8500.23,89,57,0
ID_001637,9200.95,57,46,1
ID_001638,1649.63,23,95,1
ID_001639,7666.97,68,97,0
ID_001640,1931.98,95,49,1
ID_001641,2659.27,24,30,1
ID_001642,2100.49,18,79,0
ID_001643,2196.96,86,22,0
ID_001644,253.32,64,47,0
ID_001645,7708.09,42,87,1
ID_001646,5845.19,8,81,0
ID_001647,8259.53,66,50,0
ID_001648,2473.35,87,7,0
ID_001649,8933.17,60,64,0
ID_001650,2032.01,100,62,0
ID_001651,5436.35,28,25,0
ID_001652,7564.95,15,9,0
ID_001653,2848.08,72,22,0
ID_001654,3587.19,56,67,0
ID_001655,3636.33,69,63,1
ID_001656,5437.94,50,44,1
ID_001657,574.43,40,90,0
ID_001658,2964.77,40,100,0
ID_001659,326.09,57,94,1
ID_001660,2049.5,51,40,0
ID_001661,9531.68,28,55,0
ID_001662,6468.8,57,17,0
ID_001663,6990.97,56,3,1
ID_001664,4989.57,28,8,0
ID_001665,6250.65,34,61,1
ID_001666,8456.58,98,89,1
ID_001667,7845.42,17,67,0
ID_001668,145.29,41,20,0
ID_001669,9783.43,89,55,0
ID_001670,2650.07,76,84,1
ID_001671,5782.0,29,53,0
ID_001672,6285.11,47,38,1
ID_001673,6310.16,38,7,1
ID_001674,9362.15,2,61,1
ID_001675,3367.21,95,92,0
ID_001676,1453.89,14,15,1
ID_001677,8577.55,57,88,0
ID_001678,108.16,80,54,1
ID_001679,6579.53,11,2,0
ID_001680,7135.54,92,78,1
ID_001681,732.51,68,73,1
ID_001682,4643.73,94,86,0
ID_001683,8764.09,63,19,0
ID_001684,9077.49,31,57,1
ID_001685,4540.62,89,5,1
ID_001686,7754.98,56,51,0
ID_001687,167.91,41,62,0
ID_001688,4895.02,42,72,0
ID_001689,7418.62,46,61,0
ID_001690,7850.27,3,78,0
ID_001691,6473.13,62,85,1
ID_001692,1990.52,87,22,0
ID_001693,6394.69,19,27,1
ID_001694,1030.85,77,99,1
ID_001695,9553.34,39,74,1
ID_001696,5375.23,52,94,0
ID_001697,363.67,58,66,0
ID_001698,8642.35,36,4,0
ID_001699,6546.0,57,20,0
ID_001700,7544.11,98,67,0
ID_001701,160.37,31,2,0
ID_001702,6321.06,82,71,1
ID_001703,1083.38,25,41,0
ID_001704,2934.52,26,34,1
ID_001705,2221.42,83,31,0
ID_001706,7546.46,3,93,0
ID_001707,7465.78,78,55,1
ID_001708,4121.46,32,2,0
ID_001709,4581.64,19,73,1
ID_001710,7154.48,50,18,0
ID_001711,9410.1,7,19,0
ID_001712,4109.19,10,88,1
ID_001713,2414.28,62,46,0
ID_001714,7397.18,77,23,0
ID_001715,4954.13,52,80,1
ID_001716,9389.08,28,70,0
ID_001717,6243.17,92,98,1
ID_001718,9204.0,97,39,1
ID_001719,5514.2,83,77,0
ID_001720,8197.44,70,59,0
ID_001721,2463.06,67,1,1
ID_001722,1524.18,48,19,0
ID_001723,5887.37,47,60,0
ID_001724,5117.89,36,98,0
ID_001725,4061.19,77,31,1
ID_001726,7542.39,14,52,0
ID_001727,6750.12,76,77,0
ID_001728,5611.41,37,29,1
ID_001729,6657.86,74,5,0
ID_001730,2271.04,85,49,1
ID_001731,8608.91,85,13,1
ID_001732,434.13,7,21,0
ID_001733,7208.09,84,9,0
ID_001734,560.9,46,52,0
ID_001735,8921.97,16,98,1
ID_001736,1754.39,62,54,0
ID_001737,2968.06,18,96,0
ID_001738,7836.28,11,29,0
ID_001739,4493.16,6,25,1
ID_001740,9743.15,94,11,1
ID_001741,2082.57,15,32,0
ID_001742,1045.79,88,41,1
ID_001743,5378.37,17,59,0
ID_001744,2830.29,35,22,1
ID_001745,4896.09,98,49,0
ID_001746,4253.14,26,48,1
ID_001747,3228.83,30,98,0
ID_001748,439.64,77,55,1
ID_001749,3153.96,40,8,0
ID_001750,1574.2,98,38,1
ID_001751,2160.63,96,40,0
ID_001752,8509.27,78,37,1
ID_001753,2079.9,26,18,1
ID_001754,6878.47,32,67,0
ID_001755,5161.54,23,49,1
ID_001756,5511.76,38,60,1
ID_001757,9178.4,72,77,0
ID_001758,6180.85,97,8,0
ID_001759,4382.45,82,67,0
ID_001760,4171.37,92,59,1
ID_001761,5049.54,87,20,0
ID_001762,800.12,79,32,1
ID_001763,2176.23,35,1,0
ID_001764,243.89,15,21,0
ID_001765,9038.67,6,4,0
ID_001766,4216.74,92,9,1
ID_001767,1949.34,68,37,1
ID_001768,3028.41,21,67,0
ID_001769,2043.07,33,33,1
ID_001770,8096.82,31,81,0
ID_001771,3236.31,73,90,0
ID_001772,3421.11,43,89,1
ID_001773,8911.41,90,56,0
ID_001774,1624.78,24,80,0
ID_001775,2436.41,93,78,1
ID_001776,7551.06,88,40,0
ID_001777,1480.58,63,36,0
ID_001778,4785.34,64,35,0
ID_001779,9697.15,13,42,0
ID_001780,6753.34,75,46,1
ID_001781,7596.99,91,75,1
ID_001782,2192.92,19,74,0
ID_001783,9861.3,71,48,0
ID_001784,4056.82,17,14,0
ID_001785,9837.31,24,38,0
ID_001786,7329.63,2,2,0
ID_001787,3178.62,57,16,0
ID_001788,2653.06,66,71,0
ID_001789,1306.59,43,91,0
ID_001790,9348.63,42,36,1
ID_001791,8299.28,25,58,1
ID_001792,9649.75,32,38,0
ID_001793,8888.44,72,99,0
ID_001794,1912.83,44,90,0
ID_001795,106.8,77,22,0
ID_001796,9667.94,30,14,0
ID_001797,8077.43,90,87,1
ID_001798,2281.54,18,75,1
ID_001799,5619.46,51,52,0
ID_001800,7115.94,70,5,1
ID_001801,2786.74,39,5,0
ID_001802,994.7,23,20,0
ID_001803,2851.69,3,75,0
ID_001804,4170.64,50,6,1
ID_001805,8418.25,88,81,1
ID_001806,6576.41,32,29,1
ID_001807,3651.07,78,79,1
ID_001808,4489.93,37,36,1
ID_001809,2471.03,3,77,1
ID_001810,6760.13,39,32,0
ID_001811,7004.09,94,96,0
ID_001812,5929.73,25,86,1
ID_001813,5743.31,91,55,1
ID_001814,974.15,66,80,0
ID_001815,5261.76,1,98,1
ID_001816,2248.6,98,3,1
ID_001817,7833.34,41,57,1
ID_001818,2018.62,97,97,0
ID_001819,3414.65,26,90,0
ID_001820,8933.98,70,59,0
ID_001821,5443.94,62,14,1
ID_001822,731.88,83,4,1
ID_001823,6290.26,68,60,1
ID_001824,4459.74,20,32,0
ID_001825,944.97,38,39,0
ID_001826,5007.22,72,64,1
ID_001827,2657.7,48,39,0
ID_001828,6333.93,60,61,0
ID_001829,4889.24,16,26,0
ID_001830,2329.66,78,6,0
ID_001831,523.19,32,72,1
ID_001832,571.73,39,21,0
ID_001833,7105.59,50,16,0
ID_001834,8679.61,61,36,1
ID_001835,2341.95,87,32,0
ID_001836,8321.35,63,88,1
ID_001837,7526.61,87,69,0
ID_001838,6067.53,51,48,1
ID_001839,1406.01,61,99,1
ID_001840,9680.32,27,61,0
ID_001841,1115.63,4,67,0
ID_001842,3776.27,57,76,0
ID_001843,4440.02,35,3,0
ID_001844,7872.27,10,15,1
ID_001845,4250.34,83,13,0
ID_001846,3209.21,93,62,0
ID_001847,2269.36,46,6,1
ID_001848,4482.94,39,73,0
ID_001849,3250.05,89,19,1
ID_001850,2295.56,92,81,1
ID_001851,1988.51,9,53,0
ID_001852,3793.29,91,32,0
ID_001853,6677.14,42,45,0
ID_001854,3385.93,88,98,0
ID_001855,8232.5,36,15,1
ID_001856,1817.97,90,99,0
ID_001857,7492.18,41,46,0
ID_001858,6194.48,66,29,0
ID_001859,171.77,25,84,1
ID_001860,4147.78,71,23,1
ID_001861,1567.87,57,60,0
ID_001862,4206.95,100,12,1
ID_001863,2459.72,9,47,1
ID_001864,4413.48,55,33,0
ID_001865,9077.48,31,57,1
ID_001866,4047.4,22,27,0
ID_001867,1684.72,23,91,0
ID_001868,832.38,49,67,0
ID_001869,1968.57,46,51,1
ID_001870,6369.89,47,66,0
ID_001871,4228.82,30,25,1
ID_001872,8153.6,80,69,0
ID_001873,1660.5,31,74,0
ID_001874,9671.69,18,45,0
ID_001875,1763.8,89,94,1
ID_001876,8803.74,76,75,0
ID_001877,945.01,78,69,0
ID_001878,9836.28,93,45,1
ID_001879,5024.4,67,5,0
ID_001880,5517.1,52,44,0
ID_001881,6808.91,52,68,0
ID_001882,3684.55,60,95,0
ID_001883,9810.64,83,8,1
ID_001884,379.87,67,46,1
ID_001885,4351.57,91,76,1
ID_001886,517.21,72,86,0
ID_001887,8697.99,76,63,0
ID_001888,7498.19,41,76,1
ID_001889,7536.19,20,99,0
ID_001890,9581.93,82,33,1
ID_001891,9065.07,86,39,1
ID_001892,4120.32,44,33,0
ID_001893,8574.35,34,81,0
ID_001894,1361.48,4,20,0
ID_001895,2499.41,91,100,0
ID_001896,5459.3,71,6,0
ID_001897,4634.56,72,97,0
ID_001898,601.15,74,47,0
ID_001899,9002.25,81,46,0
ID_001900,1567.09,94,30,0
ID_001901,2191.35,60,28,1
ID_001902,4025.94,32,61,0
ID_001903,1047.51,20,84,1
ID_001904,7238.36,15,19,1
ID_001905,8448.42,5,99,0
ID_001906,2395.65,69,9,0
ID_001907,3552.92,85,79,1
ID_001908,6297.13,84,58,1
ID_001909,2011.8,84,82,1
ID_001910,5457.64,94,37,0
ID_001911,3796.38,45,93,1
ID_001912,5048.92,1,44,1
ID_001913,7925.92,100,31,1
ID_001914,8423.89,91,56,0
ID_001915,8221.75,11,29,1
ID_001916,8762.33,84,50,1
ID_001917,2596.2,74,23,0
ID_001918,7068.6,17,30,0
ID_001919,1501.68,84,35,1
ID_001920,6922.26,35,79,1
ID_001921,1398.39,93,88,1
ID_001922,7767.73,86,59,0
ID_001923,1061.14,41,14,0
ID_001924,5399.95,92,80,0
ID_001925,2456.51,62,34,0
ID_001926,9902.64,80,23,0
ID_001927,3145.71,52,48,0
ID_001928,7286.59,55,2,1
ID_001929,4695.85,38,49,0
ID_001930,9570.63,6,52,0
ID_001931,8731.36,72,42,0
ID_001932,8108.36,88,89,1
ID_001933,3519.37,98,89,1
ID_001934,4672.16,92,6,0
ID_001935,5826.39,41,8,1
ID_001936,9424.65,78,95,0
ID_001937,1568.32,63,24,1
ID_001938,2407.05,10,5,1
ID_001939,1363.25,71,56,0
ID_001940,6857.98,66,75,0
ID_001941,1407.51,55,79,1
ID_001942,2757.4,52,43,1
ID_001943,6754.72,76,56,0
ID_001944,6581.11,30,86,1
ID_001945,7589.46,86,59,0
ID_001946,3152.85,86,72,1
ID_001947,571.92,14,78,0
ID_001948,5864.84,92,95,0
ID_001949,1056.78,5,55,0
ID_001950,8628.99,62,58,0
ID_001951,8613.42,39,53,0
ID_001952,8470.66,27,5,0
ID_001953,1361.32,70,2,1
ID_001954,8559.28,91,82,0
ID_001955,5443.93,13,18,1
ID_001956,6143.0,29,89,1
ID_001957,7377.95,60,88,0
ID_001958,2977.75,35,25,1
ID_001959,5976.48,35,13,1
ID_001960,3390.9,41,16,1
ID_001961,7405.1,59,99,0
ID_001962,8493.83,87,72,1
ID_001963,1777.03,37,92,0
ID_001964,1577.8,45,65,1
ID_001965,9710.35,51,72,1
ID_001966,7136.98,58,54,1
ID_001967,9175.3,6,94,1
ID_001968,1630.6,7,100,0
ID_001969,9616.76,80,19,1
ID_001970,1835.42,45,75,0
ID_001971,9001.86,6,50,0
ID_001972,4571.32,52,91,0
ID_001973,1809.49,100,44,1
ID_001974,4351.13,21,16,1
ID_001975,2453.4,53,26,1
ID_001976,9435.63,80,36,1
ID_001977,1161.87,37,97,0
ID_001978,4417.82,91,31,1
ID_001979,6643.1,34,85,0
ID_001980,7611.67,68,21,0
ID_001981,7270.92,10,83,0
ID_001982,3039.38,96,95,0
ID_001983,8085.07,28,12,1
ID_001984,7083.79,78,53,1
ID_001985,5936.66,85,80,0
ID_001986,6441.49,8,83,0
ID_001987,6921.9,11,9,1
ID_001988,7786.36,70,42,0
ID_001989,6658.91,82,76,1
ID_001990,6033.92,19,98,1
ID_001991,7098.09,71,18,1
ID_001992,6895.85,27,57,1
ID_001993,6471.49,13,71,1
ID_001994,9354.76,75,95,0
ID_001995,5111.05,40,3,0
ID_001996,4758.98,36,20,0
ID_001997,7975.37,26,55,0
ID_001998,6329.8,100,36,0
ID_001999,7142.33,42,72,0
